;PRESIDIO;PRESTAZIONE;PRIORITÃ€;Gennaio;Febbraio;Marzo;Aprile;Maggio;Giugno;Luglio;Agosto;Settembre;Ottobre;Novembre;Dicembre
0;OSPEDALE PAPA GIOVANNI XXIII -  BERGAMO;4516 - ESOFAGOGASTRODUODENOSCOPIA [EGD] CON BIOPSIA;B;11.0;;7.0;;10.0;9.0;;12.0;;9.0;6.0;
1;OSPEDALE PAPA GIOVANNI XXIII -  BERGAMO;4516 - ESOFAGOGASTRODUODENOSCOPIA [EGD] CON BIOPSIA;D;19.0;79.0;;;50.0;;5.0;;;4.0;37.0;1.0
2;OSPEDALE PAPA GIOVANNI XXIII -  BERGAMO;4516 - ESOFAGOGASTRODUODENOSCOPIA [EGD] CON BIOPSIA;P;41.0;74.0;82.0;63.0;78.0;25.0;73.0;91.0;79.0;15.0;3.0;
3;OSPEDALE PAPA GIOVANNI XXIII -  BERGAMO;4525 - COLONSCOPIA;B;6.0;;;8.0;11.0;;7.0;;;7.0;;2.0
4;OSPEDALE PAPA GIOVANNI XXIII -  BERGAMO;4525 - COLONSCOPIA;D;17.0;76.0;72.0;72.0;65.0;10.0;54.0;;19.0;71.0;;
5;OSPEDALE PAPA GIOVANNI XXIII -  BERGAMO;4525 - COLONSCOPIA;P;45.0;106.0;39.0;67.0;42.0;9.0;99.0;15.0;;21.0;124.0;
6;OSPEDALE PAPA GIOVANNI XXIII -  BERGAMO;4542 - POLIPECTOMIA;D;11.0;5.0;8.0;6.0;11.0;14.0;18.0;18.0;11.0;4.0;;
7;OSPEDALE PAPA GIOVANNI XXIII -  BERGAMO;4542 - POLIPECTOMIA;P;;;;;;;;;0.0;;;
8;OSPEDALE PAPA GIOVANNI XXIII -  BERGAMO;4824 - RETTOSIGNOIDOSCOPIA CON ENDOSCOPIO FLESSIBILE;D;11.0;5.0;8.0;6.0;11.0;14.0;18.0;18.0;13.0;4.0;132.0;5.0
9;OSPEDALE PAPA GIOVANNI XXIII -  BERGAMO;4824 - RETTOSIGNOIDOSCOPIA CON ENDOSCOPIO FLESSIBILE;P;;;;;;;;;;;132.0;
10;OSPEDALE PAPA GIOVANNI XXIII -  BERGAMO;8703 - TOMOGRAFIA COMPUTERIZZATA (TC) DEL CAPO;B;10.0;;7.0;;7.0;9.0;3.0;;;4.0;8.0;
11;OSPEDALE PAPA GIOVANNI XXIII -  BERGAMO;8703 - TOMOGRAFIA COMPUTERIZZATA (TC) DEL CAPO;D;4.0;2.0;;;8.0;;14.0;13.0;24.0;19.0;;
12;OSPEDALE PAPA GIOVANNI XXIII -  BERGAMO;8703 - TOMOGRAFIA COMPUTERIZZATA (TC) DEL CAPO;P;32.0;20.0;7.0;19.0;9.0;18.0;23.0;63.0;9.0;18.0;;
13;OSPEDALE PAPA GIOVANNI XXIII -  BERGAMO;8703 - TOMOGRAFIA COMPUTERIZZATA (TC) DEL CAPO;U;3.0;;;;1.0;1.0;0.0;;0.0;0.0;;1.0
14;OSPEDALE PAPA GIOVANNI XXIII -  BERGAMO;87031 - TOMOGRAFIA COMPUTERIZZATA (TC) DEL CAPO, SENZA E CON CONTRASTO;B;12.0;9.0;4.0;;6.0;;4.0;;7.0;6.0;5.0;12.0
15;OSPEDALE PAPA GIOVANNI XXIII -  BERGAMO;87031 - TOMOGRAFIA COMPUTERIZZATA (TC) DEL CAPO, SENZA E CON CONTRASTO;D;2.0;;;3.0;8.0;7.0;11.0;2.0;9.0;15.0;;
16;OSPEDALE PAPA GIOVANNI XXIII -  BERGAMO;87031 - TOMOGRAFIA COMPUTERIZZATA (TC) DEL CAPO, SENZA E CON CONTRASTO;P;42.0;6.0;5.0;;11.0;13.0;19.0;21.0;;18.0;2.0;
17;OSPEDALE PAPA GIOVANNI XXIII -  BERGAMO;87031 - TOMOGRAFIA COMPUTERIZZATA (TC) DEL CAPO, SENZA E CON CONTRASTO;U;;;;;;;;;;2.0;;
18;OSPEDALE PAPA GIOVANNI XXIII -  BERGAMO;87371 - MAMMOGRAFIA BILATERALE;B;7.0;6.0;;;7.0;9.0;6.0;;;7.0;;
19;OSPEDALE PAPA GIOVANNI XXIII -  BERGAMO;87371 - MAMMOGRAFIA BILATERALE;D;14.0;8.0;12.0;7.0;4.0;8.0;8.0;2.0;0.0;14.0;3.0;
20;OSPEDALE PAPA GIOVANNI XXIII -  BERGAMO;87371 - MAMMOGRAFIA BILATERALE;P;9.0;;;;;;;;7.0;19.0;2.0;246.0
21;OSPEDALE PAPA GIOVANNI XXIII -  BERGAMO;87371 - MAMMOGRAFIA BILATERALE;U;;;;;;;;1.0;;;;
22;OSPEDALE PAPA GIOVANNI XXIII -  BERGAMO;87372 - MAMMOGRAFIA  MONOLATERALE;D;9.0;7.0;12.0;7.0;3.0;8.0;7.0;2.0;5.0;6.0;3.0;1.0
23;OSPEDALE PAPA GIOVANNI XXIII -  BERGAMO;87372 - MAMMOGRAFIA  MONOLATERALE;P;;9.0;;;;;;;16.0;;;
24;OSPEDALE PAPA GIOVANNI XXIII -  BERGAMO;8741 - TOMOGRAFIA COMPUTERIZZATA (TC) DEL TORACE;B;8.0;0.0;3.0;3.0;5.0;6.0;16.0;4.0;7.0;5.0;;6.0
25;OSPEDALE PAPA GIOVANNI XXIII -  BERGAMO;8741 - TOMOGRAFIA COMPUTERIZZATA (TC) DEL TORACE;D;6.0;5.0;36.0;3.0;3.0;;4.0;;6.0;4.0;8.0;
26;OSPEDALE PAPA GIOVANNI XXIII -  BERGAMO;8741 - TOMOGRAFIA COMPUTERIZZATA (TC) DEL TORACE;P;30.0;;6.0;34.0;5.0;46.0;20.0;33.0;;31.0;1.0;23.0
27;OSPEDALE PAPA GIOVANNI XXIII -  BERGAMO;8741 - TOMOGRAFIA COMPUTERIZZATA (TC) DEL TORACE;U;2.0;1.0;;;;;0.0;7.0;;1.0;;
28;OSPEDALE PAPA GIOVANNI XXIII -  BERGAMO;87411 - TOMOGRAFIA COMPUTERIZZATA (TC) DEL TORACE, SENZA E CON CONTRASTO;B;11.0;11.0;6.0;4.0;6.0;8.0;6.0;7.0;8.0;6.0;6.0;8.0
29;OSPEDALE PAPA GIOVANNI XXIII -  BERGAMO;87411 - TOMOGRAFIA COMPUTERIZZATA (TC) DEL TORACE, SENZA E CON CONTRASTO;D;7.0;;;64.0;;37.0;5.0;;;34.0;29.0;
30;OSPEDALE PAPA GIOVANNI XXIII -  BERGAMO;87411 - TOMOGRAFIA COMPUTERIZZATA (TC) DEL TORACE, SENZA E CON CONTRASTO;P;22.0;0.0;1.0;59.0;48.0;68.0;19.0;0.0;7.0;34.0;18.0;14.0
31;OSPEDALE PAPA GIOVANNI XXIII -  BERGAMO;87411 - TOMOGRAFIA COMPUTERIZZATA (TC) DEL TORACE, SENZA E CON CONTRASTO;U;1.0;;;;2.0;1.0;0.0;;;2.0;;
32;OSPEDALE PAPA GIOVANNI XXIII -  BERGAMO;88011 - TOMOGRAFIA COMPUTERIZZATA (TC) DELL' ADDOME SUPERIORE;D;8.0;7.0;5.0;2.0;4.0;6.0;5.0;3.0;6.0;4.0;1.0;1.0
33;OSPEDALE PAPA GIOVANNI XXIII -  BERGAMO;88012 - TOMOGRAFIA COMPUTERIZZATA (TC) DELL' ADDOME SUPERIORE, SENZA E CON CONTRASTO;B;7.0;;;;4.0;;7.0;;7.0;7.0;;
34;OSPEDALE PAPA GIOVANNI XXIII -  BERGAMO;88012 - TOMOGRAFIA COMPUTERIZZATA (TC) DELL' ADDOME SUPERIORE, SENZA E CON CONTRASTO;D;4.0;6.0;3.0;1.0;2.0;6.0;4.0;2.0;;14.0;1.0;1.0
35;OSPEDALE PAPA GIOVANNI XXIII -  BERGAMO;88012 - TOMOGRAFIA COMPUTERIZZATA (TC) DELL' ADDOME SUPERIORE, SENZA E CON CONTRASTO;P;19.0;;;7.0;15.0;;2.0;;;43.0;;
36;OSPEDALE PAPA GIOVANNI XXIII -  BERGAMO;88013 - TOMOGRAFIA COMPUTERIZZATA (TC) DELL' ADDOME INFERIORE;B;;;;;4.0;;;;;;;
37;OSPEDALE PAPA GIOVANNI XXIII -  BERGAMO;88013 - TOMOGRAFIA COMPUTERIZZATA (TC) DELL' ADDOME INFERIORE;D;8.0;7.0;5.0;2.0;4.0;6.0;5.0;3.0;6.0;4.0;1.0;1.0
38;OSPEDALE PAPA GIOVANNI XXIII -  BERGAMO;88014 - TOMOGRAFIA COMPUTERIZZATA (TC) DELL' ADDOME INFERIORE, SENZA E CON CONTRASTO;B;;;;;;;;;;;;12.0
39;OSPEDALE PAPA GIOVANNI XXIII -  BERGAMO;88014 - TOMOGRAFIA COMPUTERIZZATA (TC) DELL' ADDOME INFERIORE, SENZA E CON CONTRASTO;D;8.0;7.0;5.0;2.0;4.0;7.0;5.0;3.0;6.0;4.0;1.0;
40;OSPEDALE PAPA GIOVANNI XXIII -  BERGAMO;88014 - TOMOGRAFIA COMPUTERIZZATA (TC) DELL' ADDOME INFERIORE, SENZA E CON CONTRASTO;P;;;;;;;;;;0.0;;
41;OSPEDALE PAPA GIOVANNI XXIII -  BERGAMO;88015 - TOMOGRAFIA COMPUTERIZZATA (TC) DELL' ADDOME COMPLETO;B;;;;3.0;3.0;;5.0;0.0;;7.0;;
42;OSPEDALE PAPA GIOVANNI XXIII -  BERGAMO;88015 - TOMOGRAFIA COMPUTERIZZATA (TC) DELL' ADDOME COMPLETO;D;7.0;7.0;3.0;1.0;3.0;6.0;4.0;;6.0;6.0;1.0;1.0
43;OSPEDALE PAPA GIOVANNI XXIII -  BERGAMO;88015 - TOMOGRAFIA COMPUTERIZZATA (TC) DELL' ADDOME COMPLETO;P;31.0;;0.0;;40.0;;29.0;7.0;;27.0;;
44;OSPEDALE PAPA GIOVANNI XXIII -  BERGAMO;88015 - TOMOGRAFIA COMPUTERIZZATA (TC) DELL' ADDOME COMPLETO;U;;;;;;;;7.0;;;;
45;OSPEDALE PAPA GIOVANNI XXIII -  BERGAMO;88016 - TOMOGRAFIA COMPUTERIZZATA (TC) DELL' ADDOME COMPLETO, SENZA E CON CONTRASTO;B;11.0;12.0;6.0;3.0;6.0;8.0;7.0;6.0;8.0;6.0;6.0;8.0
46;OSPEDALE PAPA GIOVANNI XXIII -  BERGAMO;88016 - TOMOGRAFIA COMPUTERIZZATA (TC) DELL' ADDOME COMPLETO, SENZA E CON CONTRASTO;D;;;;;;;5.0;;;36.0;;
47;OSPEDALE PAPA GIOVANNI XXIII -  BERGAMO;88016 - TOMOGRAFIA COMPUTERIZZATA (TC) DELL' ADDOME COMPLETO, SENZA E CON CONTRASTO;P;18.0;0.0;0.0;9.0;43.0;39.0;26.0;0.0;7.0;34.0;15.0;14.0
48;OSPEDALE PAPA GIOVANNI XXIII -  BERGAMO;88016 - TOMOGRAFIA COMPUTERIZZATA (TC) DELL' ADDOME COMPLETO, SENZA E CON CONTRASTO;U;;;;;;;0.0;;;1.0;;
49;OSPEDALE PAPA GIOVANNI XXIII -  BERGAMO;88381 - TC RACHIDE;B;;;;;6.0;;5.0;;9.0;;;
50;OSPEDALE PAPA GIOVANNI XXIII -  BERGAMO;88381 - TC RACHIDE;D;6.0;2.0;4.0;5.0;8.0;5.0;13.0;2.0;9.0;24.0;;1.0
51;OSPEDALE PAPA GIOVANNI XXIII -  BERGAMO;88381 - TC RACHIDE;P;28.0;32.0;7.0;6.0;19.0;;22.0;;33.0;16.0;5.0;
52;OSPEDALE PAPA GIOVANNI XXIII -  BERGAMO;88381 - TC RACHIDE;U;;;;;;;;;;2.0;;
53;OSPEDALE PAPA GIOVANNI XXIII -  BERGAMO;88382 - TC RACHIDE SENZA E CON CONTRASTO;D;3.0;2.0;1.0;5.0;6.0;7.0;6.0;2.0;9.0;18.0;1.0;1.0
54;OSPEDALE PAPA GIOVANNI XXIII -  BERGAMO;88382 - TC RACHIDE SENZA E CON CONTRASTO;P;;;;;;;;;;20.0;;
55;OSPEDALE PAPA GIOVANNI XXIII -  BERGAMO;88385 - TC DEL BACINO;D;8.0;7.0;5.0;2.0;4.0;5.0;5.0;3.0;6.0;4.0;1.0;1.0
56;OSPEDALE PAPA GIOVANNI XXIII -  BERGAMO;88385 - TC DEL BACINO;P;;;;;;35.0;;;6.0;;;
57;OSPEDALE PAPA GIOVANNI XXIII -  BERGAMO;88714 - DIAGNOSTICA ECOGRAFICA DEL CAPO E DEL COLLO;B;12.0;;12.0;;5.0;12.0;8.0;;5.0;9.0;;7.0
58;OSPEDALE PAPA GIOVANNI XXIII -  BERGAMO;88714 - DIAGNOSTICA ECOGRAFICA DEL CAPO E DEL COLLO;D;1.0;2.0;;1.0;2.0;5.0;2.0;1.0;8.0;1.0;;
59;OSPEDALE PAPA GIOVANNI XXIII -  BERGAMO;88714 - DIAGNOSTICA ECOGRAFICA DEL CAPO E DEL COLLO;P;159.0;;121.0;;100.0;;;7.0;;6.0;9.0;
60;OSPEDALE PAPA GIOVANNI XXIII -  BERGAMO;88714 - DIAGNOSTICA ECOGRAFICA DEL CAPO E DEL COLLO;U;;;;;;;2.0;;1.0;2.0;0.0;
61;OSPEDALE PAPA GIOVANNI XXIII -  BERGAMO;88723 - ECOCOLORDOPPLERGRAFIA CARDIACA;B;8.0;7.0;4.0;9.0;6.0;9.0;9.0;7.0;;2.0;;1.0
62;OSPEDALE PAPA GIOVANNI XXIII -  BERGAMO;88723 - ECOCOLORDOPPLERGRAFIA CARDIACA;D;30.0;20.0;;2.0;14.0;;12.0;;5.0;44.0;1.0;
63;OSPEDALE PAPA GIOVANNI XXIII -  BERGAMO;88723 - ECOCOLORDOPPLERGRAFIA CARDIACA;P;23.0;7.0;0.0;9.0;62.0;4.0;39.0;;3.0;18.0;;25.0
64;OSPEDALE PAPA GIOVANNI XXIII -  BERGAMO;88723 - ECOCOLORDOPPLERGRAFIA CARDIACA;U;2.0;;1.0;;3.0;;2.0;1.0;;2.0;;0.0
65;OSPEDALE PAPA GIOVANNI XXIII -  BERGAMO;88731 - ECOGRAFIA DELLA MAMMELLA BILATERALE;B;;;;;;9.0;;;;4.0;7.0;
66;OSPEDALE PAPA GIOVANNI XXIII -  BERGAMO;88731 - ECOGRAFIA DELLA MAMMELLA BILATERALE;D;14.0;8.0;12.0;7.0;5.0;8.0;8.0;3.0;0.0;7.0;;1.0
67;OSPEDALE PAPA GIOVANNI XXIII -  BERGAMO;88731 - ECOGRAFIA DELLA MAMMELLA BILATERALE;P;10.0;;;;;;;;10.0;12.0;;
68;OSPEDALE PAPA GIOVANNI XXIII -  BERGAMO;88732 - ECOGRAFIA DELLA MAMMELLA MONOLATERALE;D;9.0;7.0;12.0;7.0;3.0;8.0;7.0;2.0;5.0;5.0;3.0;1.0
69;OSPEDALE PAPA GIOVANNI XXIII -  BERGAMO;88732 - ECOGRAFIA DELLA MAMMELLA MONOLATERALE;P;;9.0;;;;;;;1.0;17.0;;
70;OSPEDALE PAPA GIOVANNI XXIII -  BERGAMO;88735 - ECO(COLOR)DOPPLER DEI TRONCHI SOVRAAORTICI;B;8.0;12.0;;;6.0;8.0;10.0;;7.0;9.0;;
71;OSPEDALE PAPA GIOVANNI XXIII -  BERGAMO;88735 - ECO(COLOR)DOPPLER DEI TRONCHI SOVRAAORTICI;D;9.0;13.0;11.0;;4.0;;6.0;3.0;;0.0;1.0;26.0
72;OSPEDALE PAPA GIOVANNI XXIII -  BERGAMO;88735 - ECO(COLOR)DOPPLER DEI TRONCHI SOVRAAORTICI;P;115.0;12.0;26.0;7.0;24.0;10.0;12.0;;23.0;27.0;;
73;OSPEDALE PAPA GIOVANNI XXIII -  BERGAMO;88735 - ECO(COLOR)DOPPLER DEI TRONCHI SOVRAAORTICI;U;0.0;;;;3.0;;1.0;;1.0;1.0;;
74;OSPEDALE PAPA GIOVANNI XXIII -  BERGAMO;88741 - ECOGRAFIA DELL' ADDOME SUPERIORE;B;5.0;;;;8.0;;1.0;;;7.0;13.0;8.0
75;OSPEDALE PAPA GIOVANNI XXIII -  BERGAMO;88741 - ECOGRAFIA DELL' ADDOME SUPERIORE;D;3.0;2.0;3.0;3.0;3.0;6.0;3.0;3.0;3.0;3.0;;
76;OSPEDALE PAPA GIOVANNI XXIII -  BERGAMO;88741 - ECOGRAFIA DELL' ADDOME SUPERIORE;P;;;;;;;;;;6.0;;
77;OSPEDALE PAPA GIOVANNI XXIII -  BERGAMO;88741 - ECOGRAFIA DELL' ADDOME SUPERIORE;U;;0.0;;;1.0;;;;;0.0;0.0;
78;OSPEDALE PAPA GIOVANNI XXIII -  BERGAMO;88751 - ECOGRAFIA DELL' ADDOME INFERIORE;B;;;;;;;;;;9.0;;
79;OSPEDALE PAPA GIOVANNI XXIII -  BERGAMO;88751 - ECOGRAFIA DELL' ADDOME INFERIORE;D;3.0;2.0;3.0;3.0;3.0;6.0;3.0;3.0;3.0;3.0;1.0;1.0
80;OSPEDALE PAPA GIOVANNI XXIII -  BERGAMO;88751 - ECOGRAFIA DELL' ADDOME INFERIORE;P;11.0;9.0;;;;;;;;;;
81;OSPEDALE PAPA GIOVANNI XXIII -  BERGAMO;88761 - ECOGRAFIA ADDOME COMPLETO;B;9.0;12.0;;12.0;11.0;12.0;10.0;12.0;6.0;9.0;;1.0
82;OSPEDALE PAPA GIOVANNI XXIII -  BERGAMO;88761 - ECOGRAFIA ADDOME COMPLETO;D;1.0;2.0;;;1.0;;2.0;;;1.0;;
83;OSPEDALE PAPA GIOVANNI XXIII -  BERGAMO;88761 - ECOGRAFIA ADDOME COMPLETO;P;132.0;;157.0;16.0;7.0;0.0;21.0;;;38.0;4.0;
84;OSPEDALE PAPA GIOVANNI XXIII -  BERGAMO;88761 - ECOGRAFIA ADDOME COMPLETO;U;1.0;;0.0;1.0;2.0;0.0;1.0;2.0;1.0;2.0;0.0;
85;OSPEDALE PAPA GIOVANNI XXIII -  BERGAMO;88772 - ECO(COLOR)DOPPLERGRAFIA DEGLI ARTI SUPERIORI O INFERIORI O DISTRETTUALE, ARTERIOSA O VENOSA;B;8.0;;5.0;2.0;4.0;11.0;9.0;12.0;9.0;11.0;12.0;
86;OSPEDALE PAPA GIOVANNI XXIII -  BERGAMO;88772 - ECO(COLOR)DOPPLERGRAFIA DEGLI ARTI SUPERIORI O INFERIORI O DISTRETTUALE, ARTERIOSA O VENOSA;D;9.0;;;3.0;5.0;11.0;6.0;;30.0;19.0;;
87;OSPEDALE PAPA GIOVANNI XXIII -  BERGAMO;88772 - ECO(COLOR)DOPPLERGRAFIA DEGLI ARTI SUPERIORI O INFERIORI O DISTRETTUALE, ARTERIOSA O VENOSA;P;15.0;1.0;10.0;6.0;11.0;10.0;12.0;;31.0;25.0;;
88;OSPEDALE PAPA GIOVANNI XXIII -  BERGAMO;88772 - ECO(COLOR)DOPPLERGRAFIA DEGLI ARTI SUPERIORI O INFERIORI O DISTRETTUALE, ARTERIOSA O VENOSA;U;3.0;2.0;1.0;1.0;3.0;2.0;2.0;1.0;1.0;2.0;;1.0
89;OSPEDALE PAPA GIOVANNI XXIII -  BERGAMO;8878 - ECOGRAFIA OSTETRICA;B;;;;;2.0;;;;;;;
90;OSPEDALE PAPA GIOVANNI XXIII -  BERGAMO;8878 - ECOGRAFIA OSTETRICA;D;11.0;;;;;;47.0;;49.0;19.0;;1.0
91;OSPEDALE PAPA GIOVANNI XXIII -  BERGAMO;8878 - ECOGRAFIA OSTETRICA;P;33.0;54.0;36.0;41.0;33.0;35.0;42.0;40.0;;39.0;61.0;
92;OSPEDALE PAPA GIOVANNI XXIII -  BERGAMO;88782 - ECOGRAFIA GINECOLOGICA;D;20.0;7.0;7.0;5.0;40.0;12.0;5.0;14.0;5.0;4.0;1.0;2.0
93;OSPEDALE PAPA GIOVANNI XXIII -  BERGAMO;88782 - ECOGRAFIA GINECOLOGICA;P;;;;;35.0;;7.0;;;18.0;27.0;
94;OSPEDALE PAPA GIOVANNI XXIII -  BERGAMO;88911 - RNM CERVELLO E TRONCO ENCEFALICO;B;5.0;12.0;12.0;;1.0;15.0;;;;12.0;;
95;OSPEDALE PAPA GIOVANNI XXIII -  BERGAMO;88911 - RNM CERVELLO E TRONCO ENCEFALICO;D;14.0;;;;19.0;22.0;20.0;41.0;22.0;13.0;8.0;8.0
96;OSPEDALE PAPA GIOVANNI XXIII -  BERGAMO;88911 - RNM CERVELLO E TRONCO ENCEFALICO;P;63.0;209.0;2.0;50.0;44.0;15.0;23.0;;35.0;45.0;;
97;OSPEDALE PAPA GIOVANNI XXIII -  BERGAMO;88912 - RNM CERVELLO E TRONCO ENCEFALICO, SENZA E CON CONTRASTO;B;6.0;;12.0;;11.0;12.0;3.0;;8.0;6.0;;
98;OSPEDALE PAPA GIOVANNI XXIII -  BERGAMO;88912 - RNM CERVELLO E TRONCO ENCEFALICO, SENZA E CON CONTRASTO;D;;;19.0;;11.0;;24.0;;;46.0;8.0;8.0
99;OSPEDALE PAPA GIOVANNI XXIII -  BERGAMO;88912 - RNM CERVELLO E TRONCO ENCEFALICO, SENZA E CON CONTRASTO;P;117.0;281.0;;7.0;12.0;18.0;21.0;44.0;8.0;49.0;1.0;
100;OSPEDALE PAPA GIOVANNI XXIII -  BERGAMO;88912 - RNM CERVELLO E TRONCO ENCEFALICO, SENZA E CON CONTRASTO;U;;;;;3.0;;;;;;8.0;
101;OSPEDALE PAPA GIOVANNI XXIII -  BERGAMO;8893 - RISONANZA MAGNETICA NUCLEARE (RM) DELLA COLONNA;B;12.0;;;;7.0;;;;;10.0;;
102;OSPEDALE PAPA GIOVANNI XXIII -  BERGAMO;8893 - RISONANZA MAGNETICA NUCLEARE (RM) DELLA COLONNA;D;11.0;24.0;;38.0;11.0;24.0;27.0;37.0;8.0;;8.0;8.0
103;OSPEDALE PAPA GIOVANNI XXIII -  BERGAMO;8893 - RISONANZA MAGNETICA NUCLEARE (RM) DELLA COLONNA;P;27.0;25.0;39.0;24.0;15.0;27.0;25.0;;;28.0;3.0;
104;OSPEDALE PAPA GIOVANNI XXIII -  BERGAMO;88931 - RISONANZA MAGNETICA NUCLEARE (RM) DELLA COLONNA, SENZA E CON CONTRASTO;B;11.0;;;12.0;;;10.0;;12.0;9.0;;
105;OSPEDALE PAPA GIOVANNI XXIII -  BERGAMO;88931 - RISONANZA MAGNETICA NUCLEARE (RM) DELLA COLONNA, SENZA E CON CONTRASTO;D;15.0;15.0;15.0;15.0;8.0;22.0;21.0;;8.0;8.0;8.0;8.0
106;OSPEDALE PAPA GIOVANNI XXIII -  BERGAMO;88931 - RISONANZA MAGNETICA NUCLEARE (RM) DELLA COLONNA, SENZA E CON CONTRASTO;P;29.0;1.0;0.0;;17.0;;28.0;0.0;;29.0;;
107;OSPEDALE PAPA GIOVANNI XXIII -  BERGAMO;88954 - RM DELL'ADDOME INFERIORE E SCAVO PELVICO;B;12.0;;;;;;;;;0.0;;
108;OSPEDALE PAPA GIOVANNI XXIII -  BERGAMO;88954 - RM DELL'ADDOME INFERIORE E SCAVO PELVICO;D;27.0;5.0;;;;;67.0;79.0;82.0;52.0;;
109;OSPEDALE PAPA GIOVANNI XXIII -  BERGAMO;88954 - RM DELL'ADDOME INFERIORE E SCAVO PELVICO;P;15.0;5.0;;;;;71.0;;;2.0;;
110;OSPEDALE PAPA GIOVANNI XXIII -  BERGAMO;88955 - RM DELL'ADDOME INFERIORE E SCAVO PELVICO,SENZA E CON CONTRASTO;B;;;5.0;16.0;;;;12.0;2.0;;8.0;
111;OSPEDALE PAPA GIOVANNI XXIII -  BERGAMO;88955 - RM DELL'ADDOME INFERIORE E SCAVO PELVICO,SENZA E CON CONTRASTO;D;26.0;22.0;54.0;;23.0;;56.0;;29.0;33.0;36.0;15.0
112;OSPEDALE PAPA GIOVANNI XXIII -  BERGAMO;88955 - RM DELL'ADDOME INFERIORE E SCAVO PELVICO,SENZA E CON CONTRASTO;P;5.0;;;19.0;7.0;;20.0;0.0;;12.0;;
113;OSPEDALE PAPA GIOVANNI XXIII -  BERGAMO;8913 - VISITA NEUROLOGICA (NEUROCHIRURGICA);B;10.0;9.0;12.0;10.0;10.0;12.0;10.0;9.0;12.0;9.0;12.0;15.0
114;OSPEDALE PAPA GIOVANNI XXIII -  BERGAMO;8913 - VISITA NEUROLOGICA (NEUROCHIRURGICA);D;32.0;37.0;85.0;36.0;32.0;32.0;21.0;36.0;42.0;37.0;;
115;OSPEDALE PAPA GIOVANNI XXIII -  BERGAMO;8913 - VISITA NEUROLOGICA (NEUROCHIRURGICA);P;99.0;71.0;99.0;39.0;121.0;85.0;57.0;29.0;20.0;44.0;83.0;50.0
116;OSPEDALE PAPA GIOVANNI XXIII -  BERGAMO;8913 - VISITA NEUROLOGICA (NEUROCHIRURGICA);U;2.0;2.0;3.0;2.0;2.0;1.0;2.0;2.0;3.0;2.0;3.0;3.0
117;OSPEDALE PAPA GIOVANNI XXIII -  BERGAMO;89261 - PRIMA VISITA GINECOLOGICA;B;6.0;12.0;;;10.0;;;;;12.0;;
118;OSPEDALE PAPA GIOVANNI XXIII -  BERGAMO;89261 - PRIMA VISITA GINECOLOGICA;D;21.0;;8.0;;33.0;;29.0;33.0;27.0;24.0;;36.0
119;OSPEDALE PAPA GIOVANNI XXIII -  BERGAMO;89261 - PRIMA VISITA GINECOLOGICA;P;25.0;59.0;13.0;47.0;47.0;40.0;43.0;54.0;;44.0;80.0;0.0
120;OSPEDALE PAPA GIOVANNI XXIII -  BERGAMO;89371 - SPIROMETRIA SEMPLICE;D;41.0;;;;62.0;;3.0;;;57.0;;
121;OSPEDALE PAPA GIOVANNI XXIII -  BERGAMO;89371 - SPIROMETRIA SEMPLICE;P;43.0;35.0;110.0;;67.0;77.0;84.0;55.0;;50.0;89.0;64.0
122;OSPEDALE PAPA GIOVANNI XXIII -  BERGAMO;89372 - SPIROMETRIA GLOBALE;D;46.0;;;;;;123.0;2.0;111.0;;30.0;
123;OSPEDALE PAPA GIOVANNI XXIII -  BERGAMO;89372 - SPIROMETRIA GLOBALE;P;66.0;136.0;118.0;109.0;139.0;108.0;129.0;113.0;103.0;64.0;;84.0
124;OSPEDALE PAPA GIOVANNI XXIII -  BERGAMO;8943 - TEST CARDIOVASCOLARE DA SFORZO CON CICLOERGOMETRO;B;;;;;;;;;;;;5.0
125;OSPEDALE PAPA GIOVANNI XXIII -  BERGAMO;8943 - TEST CARDIOVASCOLARE DA SFORZO CON CICLOERGOMETRO;D;15.0;;6.0;41.0;28.0;8.0;9.0;19.0;13.0;11.0;108.0;
126;OSPEDALE PAPA GIOVANNI XXIII -  BERGAMO;8943 - TEST CARDIOVASCOLARE DA SFORZO CON CICLOERGOMETRO;P;22.0;63.0;70.0;7.0;28.0;182.0;86.0;14.0;19.0;7.0;6.0;
127;OSPEDALE PAPA GIOVANNI XXIII -  BERGAMO;8944 - ALTRI TEST CARDIOVASCOLARI SFORZO;D;;;;;14.0;13.0;;15.0;22.0;;;
128;OSPEDALE PAPA GIOVANNI XXIII -  BERGAMO;8950 - ELETTROCARDIOGRAMMA DINAMICO;B;9.0;;;10.0;0.0;;6.0;;;;;
129;OSPEDALE PAPA GIOVANNI XXIII -  BERGAMO;8950 - ELETTROCARDIOGRAMMA DINAMICO;D;;;;21.0;35.0;;12.0;;5.0;33.0;;20.0
130;OSPEDALE PAPA GIOVANNI XXIII -  BERGAMO;8950 - ELETTROCARDIOGRAMMA DINAMICO;P;25.0;16.0;21.0;29.0;44.0;21.0;31.0;10.0;;26.0;;
131;OSPEDALE PAPA GIOVANNI XXIII -  BERGAMO;8952 - ELETTROCARDIOGRAMMA;B;0.0;0.0;;;0.0;;;;;1.0;;0.0
132;OSPEDALE PAPA GIOVANNI XXIII -  BERGAMO;8952 - ELETTROCARDIOGRAMMA;D;;;0.0;;0.0;;2.0;;;0.0;;
133;OSPEDALE PAPA GIOVANNI XXIII -  BERGAMO;8952 - ELETTROCARDIOGRAMMA;P;8.0;0.0;0.0;0.0;0.0;0.0;1.0;0.0;0.0;6.0;17.0;5.0
134;OSPEDALE PAPA GIOVANNI XXIII -  BERGAMO;8952 - ELETTROCARDIOGRAMMA;U;0.0;;0.0;;0.0;0.0;0.0;;;0.0;1.0;1.0
135;OSPEDALE PAPA GIOVANNI XXIII -  BERGAMO;897A3 - PRIMA VISITA CARDIOLOGICA;B;8.0;5.0;7.0;8.0;8.0;15.0;9.0;;;6.0;8.0;
136;OSPEDALE PAPA GIOVANNI XXIII -  BERGAMO;897A3 - PRIMA VISITA CARDIOLOGICA;D;23.0;;16.0;;3.0;28.0;10.0;2.0;4.0;24.0;;
137;OSPEDALE PAPA GIOVANNI XXIII -  BERGAMO;897A3 - PRIMA VISITA CARDIOLOGICA;P;14.0;86.0;0.0;;41.0;;44.0;;;5.0;72.0;96.0
138;OSPEDALE PAPA GIOVANNI XXIII -  BERGAMO;897A3 - PRIMA VISITA CARDIOLOGICA;U;2.0;;0.0;1.0;2.0;1.0;2.0;0.0;0.0;1.0;0.0;1.0
139;OSPEDALE PAPA GIOVANNI XXIII -  BERGAMO;897A6 - PRIMA VISITA CHIRURGICA VASCOLARE;B;10.0;9.0;5.0;2.0;3.0;11.0;9.0;11.0;;10.0;12.0;12.0
140;OSPEDALE PAPA GIOVANNI XXIII -  BERGAMO;897A6 - PRIMA VISITA CHIRURGICA VASCOLARE;D;14.0;14.0;;8.0;5.0;;5.0;;34.0;28.0;;
141;OSPEDALE PAPA GIOVANNI XXIII -  BERGAMO;897A6 - PRIMA VISITA CHIRURGICA VASCOLARE;P;14.0;;;7.0;10.0;1.0;13.0;;30.0;20.0;;
142;OSPEDALE PAPA GIOVANNI XXIII -  BERGAMO;897A6 - PRIMA VISITA CHIRURGICA VASCOLARE;U;2.0;;1.0;1.0;3.0;;2.0;1.0;2.0;2.0;5.0;0.0
143;OSPEDALE PAPA GIOVANNI XXIII -  BERGAMO;897A7 - PRIMA VISITA DERMATOLOGICA;B;7.0;12.0;8.0;11.0;5.0;;9.0;6.0;12.0;5.0;6.0;13.0
144;OSPEDALE PAPA GIOVANNI XXIII -  BERGAMO;897A7 - PRIMA VISITA DERMATOLOGICA;D;22.0;36.0;;41.0;21.0;;25.0;42.0;;19.0;;
145;OSPEDALE PAPA GIOVANNI XXIII -  BERGAMO;897A7 - PRIMA VISITA DERMATOLOGICA;P;14.0;;1.0;124.0;23.0;16.0;32.0;13.0;;20.0;5.0;
146;OSPEDALE PAPA GIOVANNI XXIII -  BERGAMO;897A7 - PRIMA VISITA DERMATOLOGICA;U;1.0;1.0;1.0;1.0;1.0;1.0;2.0;1.0;1.0;1.0;1.0;1.0
147;OSPEDALE PAPA GIOVANNI XXIII -  BERGAMO;897A8 - PRIMA VISITA ENDOCRINOLOGICA/DIABETOLOGIA;B;8.0;10.0;7.0;10.0;8.0;;7.0;;12.0;7.0;9.0;
148;OSPEDALE PAPA GIOVANNI XXIII -  BERGAMO;897A8 - PRIMA VISITA ENDOCRINOLOGICA/DIABETOLOGIA;D;33.0;34.0;33.0;40.0;35.0;37.0;16.0;36.0;19.0;22.0;26.0;
149;OSPEDALE PAPA GIOVANNI XXIII -  BERGAMO;897A8 - PRIMA VISITA ENDOCRINOLOGICA/DIABETOLOGIA;P;71.0;216.0;190.0;20.0;66.0;126.0;65.0;22.0;;12.0;112.0;2.0
150;OSPEDALE PAPA GIOVANNI XXIII -  BERGAMO;897A8 - PRIMA VISITA ENDOCRINOLOGICA/DIABETOLOGIA;U;2.0;1.0;2.0;2.0;2.0;2.0;3.0;;;3.0;2.0;
151;OSPEDALE PAPA GIOVANNI XXIII -  BERGAMO;897A9 - PRIMA VISITA GASTROENTEROLOGICA;B;8.0;12.0;12.0;9.0;10.0;12.0;8.0;11.0;6.0;11.0;;
152;OSPEDALE PAPA GIOVANNI XXIII -  BERGAMO;897A9 - PRIMA VISITA GASTROENTEROLOGICA;D;10.0;;;13.0;;;2.0;;15.0;2.0;0.0;
153;OSPEDALE PAPA GIOVANNI XXIII -  BERGAMO;897A9 - PRIMA VISITA GASTROENTEROLOGICA;P;46.0;43.0;43.0;58.0;58.0;64.0;56.0;49.0;;28.0;74.0;6.0
154;OSPEDALE PAPA GIOVANNI XXIII -  BERGAMO;897A9 - PRIMA VISITA GASTROENTEROLOGICA;U;;;;;0.0;;;;;;;2.0
155;OSPEDALE PAPA GIOVANNI XXIII -  BERGAMO;897B2 - PRIMA VISITA DI MEDICINA FISICA E RIABILITAZIONE;B;;;;;0.0;;;;;2.0;;
156;OSPEDALE PAPA GIOVANNI XXIII -  BERGAMO;897B2 - PRIMA VISITA DI MEDICINA FISICA E RIABILITAZIONE;D;2.0;;2.0;;2.0;6.0;9.0;;2.0;5.0;;1.0
157;OSPEDALE PAPA GIOVANNI XXIII -  BERGAMO;897B2 - PRIMA VISITA DI MEDICINA FISICA E RIABILITAZIONE;P;13.0;14.0;;6.0;13.0;22.0;19.0;63.0;;6.0;5.0;
158;OSPEDALE PAPA GIOVANNI XXIII -  BERGAMO;897B2 - PRIMA VISITA DI MEDICINA FISICA E RIABILITAZIONE;U;1.0;;;;;;;1.0;;;;
159;OSPEDALE PAPA GIOVANNI XXIII -  BERGAMO;897B6 - PRIMA VISITA ONCOLOGICA;B;7.0;6.0;5.0;5.0;10.0;9.0;10.0;4.0;6.0;8.0;;
160;OSPEDALE PAPA GIOVANNI XXIII -  BERGAMO;897B6 - PRIMA VISITA ONCOLOGICA;D;17.0;8.0;;20.0;19.0;28.0;15.0;;;20.0;;
161;OSPEDALE PAPA GIOVANNI XXIII -  BERGAMO;897B6 - PRIMA VISITA ONCOLOGICA;P;40.0;;;2.0;3.0;1.0;38.0;;;41.0;1.0;10.0
162;OSPEDALE PAPA GIOVANNI XXIII -  BERGAMO;897B6 - PRIMA VISITA ONCOLOGICA;U;;;;1.0;2.0;0.0;2.0;;;0.0;;
163;OSPEDALE PAPA GIOVANNI XXIII -  BERGAMO;897B7 - PRIMA VISITA ORTOPEDICA;B;6.0;4.0;12.0;;7.0;8.0;4.0;;12.0;1.0;;6.0
164;OSPEDALE PAPA GIOVANNI XXIII -  BERGAMO;897B7 - PRIMA VISITA ORTOPEDICA;D;33.0;37.0;;36.0;34.0;;29.0;41.0;27.0;26.0;;
165;OSPEDALE PAPA GIOVANNI XXIII -  BERGAMO;897B7 - PRIMA VISITA ORTOPEDICA;P;46.0;39.0;32.0;52.0;39.0;39.0;40.0;45.0;44.0;33.0;44.0;18.0
166;OSPEDALE PAPA GIOVANNI XXIII -  BERGAMO;897B7 - PRIMA VISITA ORTOPEDICA;U;2.0;;2.0;2.0;2.0;2.0;3.0;;;3.0;;2.0
167;OSPEDALE PAPA GIOVANNI XXIII -  BERGAMO;897B8 - PRIMA VISITA ORL;B;11.0;1.0;12.0;12.0;8.0;6.0;10.0;2.0;12.0;9.0;;13.0
168;OSPEDALE PAPA GIOVANNI XXIII -  BERGAMO;897B8 - PRIMA VISITA ORL;D;36.0;;;;18.0;7.0;15.0;36.0;4.0;23.0;;
169;OSPEDALE PAPA GIOVANNI XXIII -  BERGAMO;897B8 - PRIMA VISITA ORL;P;107.0;130.0;63.0;182.0;22.0;9.0;26.0;28.0;15.0;33.0;22.0;13.0
170;OSPEDALE PAPA GIOVANNI XXIII -  BERGAMO;897B8 - PRIMA VISITA ORL;U;2.0;2.0;1.0;2.0;2.0;;3.0;;2.0;2.0;;
171;OSPEDALE PAPA GIOVANNI XXIII -  BERGAMO;897B9 - PRIMA VISITA PNEUMOLOGICA;B;11.0;12.0;6.0;12.0;10.0;13.0;10.0;;;7.0;12.0;
172;OSPEDALE PAPA GIOVANNI XXIII -  BERGAMO;897B9 - PRIMA VISITA PNEUMOLOGICA;D;28.0;36.0;36.0;39.0;25.0;11.0;20.0;;12.0;31.0;36.0;36.0
173;OSPEDALE PAPA GIOVANNI XXIII -  BERGAMO;897B9 - PRIMA VISITA PNEUMOLOGICA;P;55.0;88.0;96.0;51.0;121.0;;126.0;168.0;;108.0;157.0;116.0
174;OSPEDALE PAPA GIOVANNI XXIII -  BERGAMO;897B9 - PRIMA VISITA PNEUMOLOGICA;U;1.0;1.0;1.0;2.0;2.0;;2.0;2.0;1.0;2.0;2.0;
175;OSPEDALE PAPA GIOVANNI XXIII -  BERGAMO;897C2 - PRIMA VISTIA UROLOGICA/ANDROLOGICA;B;10.0;12.0;1.0;9.0;12.0;7.0;10.0;12.0;13.0;10.0;14.0;
176;OSPEDALE PAPA GIOVANNI XXIII -  BERGAMO;897C2 - PRIMA VISTIA UROLOGICA/ANDROLOGICA;D;30.0;;;31.0;35.0;;25.0;48.0;36.0;36.0;36.0;32.0
177;OSPEDALE PAPA GIOVANNI XXIII -  BERGAMO;897C2 - PRIMA VISTIA UROLOGICA/ANDROLOGICA;P;38.0;135.0;28.0;39.0;55.0;88.0;65.0;68.0;34.0;60.0;69.0;72.0
178;OSPEDALE PAPA GIOVANNI XXIII -  BERGAMO;897C2 - PRIMA VISTIA UROLOGICA/ANDROLOGICA;U;1.0;;;2.0;3.0;0.0;3.0;;2.0;1.0;7.0;
179;OSPEDALE PAPA GIOVANNI XXIII -  BERGAMO;93081 - ELETTROMIOGRAFIA SEMPLICE [EMG];B;;;12.0;;11.0;;11.0;12.0;;11.0;;
180;OSPEDALE PAPA GIOVANNI XXIII -  BERGAMO;93081 - ELETTROMIOGRAFIA SEMPLICE [EMG];D;28.0;24.0;;;29.0;;6.0;83.0;;38.0;;
181;OSPEDALE PAPA GIOVANNI XXIII -  BERGAMO;93081 - ELETTROMIOGRAFIA SEMPLICE [EMG];P;39.0;0.0;62.0;43.0;54.0;74.0;35.0;83.0;75.0;64.0;85.0;71.0
182;OSPEDALE PAPA GIOVANNI XXIII -  BERGAMO;9502 - ESAME COMPLESSIVO DELL'OCCHIO - Visita oculistica, esame dell'occhio comprendente tutti gli aspetti del sistema visivo;B;2.0;7.0;12.0;;12.0;6.0;12.0;12.0;;7.0;;8.0
183;OSPEDALE PAPA GIOVANNI XXIII -  BERGAMO;9502 - ESAME COMPLESSIVO DELL'OCCHIO - Visita oculistica, esame dell'occhio comprendente tutti gli aspetti del sistema visivo;D;;;;2.0;3.0;;5.0;;19.0;4.0;;
184;OSPEDALE PAPA GIOVANNI XXIII -  BERGAMO;9502 - ESAME COMPLESSIVO DELL'OCCHIO - Visita oculistica, esame dell'occhio comprendente tutti gli aspetti del sistema visivo;P;203.0;;85.0;306.0;7.0;32.0;80.0;;15.0;22.0;56.0;9.0
185;OSPEDALE PAPA GIOVANNI XXIII -  BERGAMO;9502 - ESAME COMPLESSIVO DELL'OCCHIO - Visita oculistica, esame dell'occhio comprendente tutti gli aspetti del sistema visivo;U;3.0;2.0;;;2.0;1.0;2.0;2.0;;2.0;2.0;2.0
186;OSPEDALE PAPA GIOVANNI XXIII -  BERGAMO;9511 - FUNDUS OCULI;D;15.0;;;;;6.0;12.0;20.0;18.0;16.0;;2.0
187;OSPEDALE PAPA GIOVANNI XXIII -  BERGAMO;9511 - FUNDUS OCULI;P;;;;;;;15.0;;;;;
188;OSPEDALE PAPA GIOVANNI XXIII -  BERGAMO;95411 - esame audiometrico tonale;D;;2.0;;5.0;6.0;;3.0;30.0;;;;
189;OSPEDALE PAPA GIOVANNI XXIII -  BERGAMO;95411 - esame audiometrico tonale;P;65.0;28.0;2.0;49.0;13.0;37.0;57.0;37.0;62.0;40.0;35.0;27.0
190;POLIAMBULATORIO - VILLA D'ALME';8913 - VISITA NEUROLOGICA (NEUROCHIRURGICA);D;87.0;82.0;82.0;167.0;90.0;120.0;148.0;127.0;;;;
191;POLIAMBULATORIO - VILLA D'ALME';8913 - VISITA NEUROLOGICA (NEUROCHIRURGICA);P;;64.0;8.0;;66.0;;;;;47.0;;
192;POLIAMBULATORIO - VILLA D'ALME';8952 - ELETTROCARDIOGRAMMA;D;;;;;;;;;;;3.0;3.0
193;POLIAMBULATORIO - VILLA D'ALME';897A8 - PRIMA VISITA ENDOCRINOLOGICA/DIABETOLOGIA;B;;;;;1.0;;;;;;;
194;POLIAMBULATORIO - VILLA D'ALME';897A8 - PRIMA VISITA ENDOCRINOLOGICA/DIABETOLOGIA;D;107.0;104.0;188.0;174.0;134.0;146.0;141.0;144.0;139.0;100.0;163.0;146.0
195;POLIAMBULATORIO - VILLA D'ALME';897A8 - PRIMA VISITA ENDOCRINOLOGICA/DIABETOLOGIA;P;97.0;111.0;;;143.0;;133.0;;;;;
196;POLIAMBULATORIO - VILLA D'ALME';897B2 - PRIMA VISITA DI MEDICINA FISICA E RIABILITAZIONE;D;45.0;52.0;40.0;45.0;39.0;20.0;54.0;45.0;40.0;42.0;47.0;40.0
197;POLIAMBULATORIO - VILLA D'ALME';897B2 - PRIMA VISITA DI MEDICINA FISICA E RIABILITAZIONE;P;34.0;;;;39.0;;;;;;;
198;POLIAMBULATORIO - ZOGNO;8913 - VISITA NEUROLOGICA (NEUROCHIRURGICA);B;3.0;2.0;;;;;;;;7.0;;
199;POLIAMBULATORIO - ZOGNO;8913 - VISITA NEUROLOGICA (NEUROCHIRURGICA);D;16.0;20.0;21.0;42.0;31.0;42.0;47.0;33.0;26.0;39.0;;
200;POLIAMBULATORIO - ZOGNO;8913 - VISITA NEUROLOGICA (NEUROCHIRURGICA);P;60.0;;;;53.0;;58.0;;;20.0;;
201;POLIAMBULATORIO - ZOGNO;897B8 - PRIMA VISITA ORL;B;10.0;;;;;;;;;;;
202;POLIAMBULATORIO - ZOGNO;897B8 - PRIMA VISITA ORL;D;13.0;8.0;4.0;8.0;11.0;20.0;14.0;;8.0;9.0;;
203;POLIAMBULATORIO - ZOGNO;897B8 - PRIMA VISITA ORL;P;7.0;8.0;;15.0;17.0;;16.0;22.0;;9.0;;
204;POLIAMBULATORIO - ZOGNO;9502 - ESAME COMPLESSIVO DELL'OCCHIO - Visita oculistica, esame dell'occhio comprendente tutti gli aspetti del sistema visivo;D;315.0;;;;148.0;;153.0;;;85.0;;
205;POLIAMBULATORIO - ZOGNO;9502 - ESAME COMPLESSIVO DELL'OCCHIO - Visita oculistica, esame dell'occhio comprendente tutti gli aspetti del sistema visivo;P;192.0;;85.0;;148.0;;22.0;;;1.0;;
206;POLIAMBULATORIO OSPEDALE - SAN GIOVANNI BIANCO;4516 - ESOFAGOGASTRODUODENOSCOPIA [EGD] CON BIOPSIA;D;48.0;60.0;7.0;63.0;82.0;91.0;85.0;80.0;77.0;64.0;62.0;79.0
207;POLIAMBULATORIO OSPEDALE - SAN GIOVANNI BIANCO;4516 - ESOFAGOGASTRODUODENOSCOPIA [EGD] CON BIOPSIA;P;62.0;154.0;7.0;56.0;47.0;;111.0;0.0;77.0;40.0;84.0;
208;POLIAMBULATORIO OSPEDALE - SAN GIOVANNI BIANCO;4525 - COLONSCOPIA;D;104.0;112.0;;;169.0;85.0;95.0;14.0;;;132.0;
209;POLIAMBULATORIO OSPEDALE - SAN GIOVANNI BIANCO;4525 - COLONSCOPIA;P;118.0;34.0;128.0;61.0;133.0;;51.0;14.0;90.0;159.0;132.0;21.0
210;POLIAMBULATORIO OSPEDALE - SAN GIOVANNI BIANCO;4542 - POLIPECTOMIA;D;133.0;119.0;138.0;154.0;169.0;85.0;97.0;147.0;159.0;223.0;132.0;
211;POLIAMBULATORIO OSPEDALE - SAN GIOVANNI BIANCO;4542 - POLIPECTOMIA;P;;;;0.0;;;0.0;;;;;0.0
212;POLIAMBULATORIO OSPEDALE - SAN GIOVANNI BIANCO;4824 - RETTOSIGNOIDOSCOPIA CON ENDOSCOPIO FLESSIBILE;D;133.0;119.0;138.0;156.0;169.0;85.0;168.0;147.0;159.0;223.0;132.0;124.0
213;POLIAMBULATORIO OSPEDALE - SAN GIOVANNI BIANCO;8703 - TOMOGRAFIA COMPUTERIZZATA (TC) DEL CAPO;B;;;;;3.0;;1.0;;;8.0;;
214;POLIAMBULATORIO OSPEDALE - SAN GIOVANNI BIANCO;8703 - TOMOGRAFIA COMPUTERIZZATA (TC) DEL CAPO;D;12.0;25.0;13.0;52.0;35.0;24.0;36.0;20.0;13.0;19.0;;3.0
215;POLIAMBULATORIO OSPEDALE - SAN GIOVANNI BIANCO;8703 - TOMOGRAFIA COMPUTERIZZATA (TC) DEL CAPO;P;10.0;14.0;;;1.0;;12.0;;;19.0;;
216;POLIAMBULATORIO OSPEDALE - SAN GIOVANNI BIANCO;8703 - TOMOGRAFIA COMPUTERIZZATA (TC) DEL CAPO;U;2.0;;;;;;1.0;;;;;
217;POLIAMBULATORIO OSPEDALE - SAN GIOVANNI BIANCO;87031 - TOMOGRAFIA COMPUTERIZZATA (TC) DEL CAPO, SENZA E CON CONTRASTO;B;;;;;2.0;;;;0.0;;;
218;POLIAMBULATORIO OSPEDALE - SAN GIOVANNI BIANCO;87031 - TOMOGRAFIA COMPUTERIZZATA (TC) DEL CAPO, SENZA E CON CONTRASTO;D;22.0;31.0;;52.0;35.0;24.0;42.0;20.0;12.0;31.0;;
219;POLIAMBULATORIO OSPEDALE - SAN GIOVANNI BIANCO;87031 - TOMOGRAFIA COMPUTERIZZATA (TC) DEL CAPO, SENZA E CON CONTRASTO;P;18.0;;;;0.0;;;;;;;
220;POLIAMBULATORIO OSPEDALE - SAN GIOVANNI BIANCO;8741 - TOMOGRAFIA COMPUTERIZZATA (TC) DEL TORACE;B;;;;7.0;8.0;0.0;;;;;7.0;
221;POLIAMBULATORIO OSPEDALE - SAN GIOVANNI BIANCO;8741 - TOMOGRAFIA COMPUTERIZZATA (TC) DEL TORACE;D;34.0;31.0;38.0;11.0;39.0;14.0;20.0;8.0;13.0;32.0;7.0;10.0
222;POLIAMBULATORIO OSPEDALE - SAN GIOVANNI BIANCO;8741 - TOMOGRAFIA COMPUTERIZZATA (TC) DEL TORACE;P;63.0;;;;109.0;;107.0;76.0;;12.0;;
223;POLIAMBULATORIO OSPEDALE - SAN GIOVANNI BIANCO;87411 - TOMOGRAFIA COMPUTERIZZATA (TC) DEL TORACE, SENZA E CON CONTRASTO;B;15.0;;;;8.0;7.0;3.0;;;;;
224;POLIAMBULATORIO OSPEDALE - SAN GIOVANNI BIANCO;87411 - TOMOGRAFIA COMPUTERIZZATA (TC) DEL TORACE, SENZA E CON CONTRASTO;D;34.0;31.0;38.0;14.0;34.0;6.0;23.0;8.0;13.0;28.0;;10.0
225;POLIAMBULATORIO OSPEDALE - SAN GIOVANNI BIANCO;87411 - TOMOGRAFIA COMPUTERIZZATA (TC) DEL TORACE, SENZA E CON CONTRASTO;P;23.0;;;;59.0;90.0;125.0;76.0;;30.0;;
226;POLIAMBULATORIO OSPEDALE - SAN GIOVANNI BIANCO;88011 - TOMOGRAFIA COMPUTERIZZATA (TC) DELL' ADDOME SUPERIORE;D;28.0;31.0;38.0;14.0;36.0;16.0;24.0;13.0;13.0;31.0;48.0;10.0
227;POLIAMBULATORIO OSPEDALE - SAN GIOVANNI BIANCO;88011 - TOMOGRAFIA COMPUTERIZZATA (TC) DELL' ADDOME SUPERIORE;P;;;;;75.0;;;;;;;
228;POLIAMBULATORIO OSPEDALE - SAN GIOVANNI BIANCO;88012 - TOMOGRAFIA COMPUTERIZZATA (TC) DELL' ADDOME SUPERIORE, SENZA E CON CONTRASTO;D;40.0;31.0;38.0;14.0;37.0;16.0;23.0;13.0;14.0;31.0;;10.0
229;POLIAMBULATORIO OSPEDALE - SAN GIOVANNI BIANCO;88012 - TOMOGRAFIA COMPUTERIZZATA (TC) DELL' ADDOME SUPERIORE, SENZA E CON CONTRASTO;P;;;;;;;117.0;;;;;
230;POLIAMBULATORIO OSPEDALE - SAN GIOVANNI BIANCO;88013 - TOMOGRAFIA COMPUTERIZZATA (TC) DELL' ADDOME INFERIORE;D;28.0;31.0;38.0;14.0;37.0;16.0;24.0;13.0;13.0;31.0;;10.0
231;POLIAMBULATORIO OSPEDALE - SAN GIOVANNI BIANCO;88014 - TOMOGRAFIA COMPUTERIZZATA (TC) DELL' ADDOME INFERIORE, SENZA E CON CONTRASTO;D;28.0;31.0;38.0;14.0;37.0;16.0;24.0;13.0;13.0;31.0;;10.0
232;POLIAMBULATORIO OSPEDALE - SAN GIOVANNI BIANCO;88015 - TOMOGRAFIA COMPUTERIZZATA (TC) DELL' ADDOME COMPLETO;B;12.0;;;;8.0;;;;;;7.0;
233;POLIAMBULATORIO OSPEDALE - SAN GIOVANNI BIANCO;88015 - TOMOGRAFIA COMPUTERIZZATA (TC) DELL' ADDOME COMPLETO;D;30.0;31.0;38.0;14.0;36.0;16.0;24.0;13.0;13.0;30.0;;10.0
234;POLIAMBULATORIO OSPEDALE - SAN GIOVANNI BIANCO;88015 - TOMOGRAFIA COMPUTERIZZATA (TC) DELL' ADDOME COMPLETO;P;;;;;;;;;;25.0;;
235;POLIAMBULATORIO OSPEDALE - SAN GIOVANNI BIANCO;88015 - TOMOGRAFIA COMPUTERIZZATA (TC) DELL' ADDOME COMPLETO;U;;;;;;;;;;;2.0;
236;POLIAMBULATORIO OSPEDALE - SAN GIOVANNI BIANCO;88016 - TOMOGRAFIA COMPUTERIZZATA (TC) DELL' ADDOME COMPLETO, SENZA E CON CONTRASTO;B;9.0;;;;8.0;7.0;;2.0;9.0;;14.0;
237;POLIAMBULATORIO OSPEDALE - SAN GIOVANNI BIANCO;88016 - TOMOGRAFIA COMPUTERIZZATA (TC) DELL' ADDOME COMPLETO, SENZA E CON CONTRASTO;D;29.0;31.0;38.0;11.0;38.0;6.0;18.0;;12.0;29.0;;27.0
238;POLIAMBULATORIO OSPEDALE - SAN GIOVANNI BIANCO;88016 - TOMOGRAFIA COMPUTERIZZATA (TC) DELL' ADDOME COMPLETO, SENZA E CON CONTRASTO;P;21.0;;;14.0;44.0;90.0;119.0;77.0;;24.0;;
239;POLIAMBULATORIO OSPEDALE - SAN GIOVANNI BIANCO;88381 - TC RACHIDE;B;;;;;;;;2.0;;;;
240;POLIAMBULATORIO OSPEDALE - SAN GIOVANNI BIANCO;88381 - TC RACHIDE;D;12.0;14.0;9.0;7.0;21.0;21.0;22.0;2.0;9.0;16.0;;3.0
241;POLIAMBULATORIO OSPEDALE - SAN GIOVANNI BIANCO;88381 - TC RACHIDE;P;;;;;51.0;2.0;44.0;;;14.0;;
242;POLIAMBULATORIO OSPEDALE - SAN GIOVANNI BIANCO;88382 - TC RACHIDE SENZA E CON CONTRASTO;D;20.0;;;;;;;;;;;
243;POLIAMBULATORIO OSPEDALE - SAN GIOVANNI BIANCO;88385 - TC DEL BACINO;D;14.0;16.0;13.0;52.0;37.0;24.0;42.0;20.0;13.0;35.0;;9.0
244;POLIAMBULATORIO OSPEDALE - SAN GIOVANNI BIANCO;88385 - TC DEL BACINO;P;30.0;;;;;;;;;3.0;;
245;POLIAMBULATORIO OSPEDALE - SAN GIOVANNI BIANCO;88714 - DIAGNOSTICA ECOGRAFICA DEL CAPO E DEL COLLO;B;12.0;;;;7.0;;;;;11.0;;
246;POLIAMBULATORIO OSPEDALE - SAN GIOVANNI BIANCO;88714 - DIAGNOSTICA ECOGRAFICA DEL CAPO E DEL COLLO;D;12.0;12.0;8.0;5.0;10.0;9.0;7.0;12.0;8.0;8.0;;3.0
247;POLIAMBULATORIO OSPEDALE - SAN GIOVANNI BIANCO;88714 - DIAGNOSTICA ECOGRAFICA DEL CAPO E DEL COLLO;P;35.0;;80.0;82.0;115.0;;94.0;119.0;;40.0;62.0;
248;POLIAMBULATORIO OSPEDALE - SAN GIOVANNI BIANCO;88723 - ECOCOLORDOPPLERGRAFIA CARDIACA;B;12.0;;;;7.0;2.0;;;12.0;;;
249;POLIAMBULATORIO OSPEDALE - SAN GIOVANNI BIANCO;88723 - ECOCOLORDOPPLERGRAFIA CARDIACA;D;25.0;9.0;7.0;22.0;21.0;54.0;57.0;96.0;;30.0;;46.0
250;POLIAMBULATORIO OSPEDALE - SAN GIOVANNI BIANCO;88723 - ECOCOLORDOPPLERGRAFIA CARDIACA;P;25.0;9.0;7.0;70.0;28.0;35.0;74.0;;68.0;7.0;;33.0
251;POLIAMBULATORIO OSPEDALE - SAN GIOVANNI BIANCO;88723 - ECOCOLORDOPPLERGRAFIA CARDIACA;U;;;;;;;1.0;;;;;
252;POLIAMBULATORIO OSPEDALE - SAN GIOVANNI BIANCO;88735 - ECO(COLOR)DOPPLER DEI TRONCHI SOVRAAORTICI;D;65.0;92.0;1.0;;36.0;;;;;25.0;;
253;POLIAMBULATORIO OSPEDALE - SAN GIOVANNI BIANCO;88735 - ECO(COLOR)DOPPLER DEI TRONCHI SOVRAAORTICI;P;24.0;;1.0;22.0;26.0;;;;;24.0;;
254;POLIAMBULATORIO OSPEDALE - SAN GIOVANNI BIANCO;88741 - ECOGRAFIA DELL' ADDOME SUPERIORE;B;;;;;10.0;;;;;10.0;;
255;POLIAMBULATORIO OSPEDALE - SAN GIOVANNI BIANCO;88741 - ECOGRAFIA DELL' ADDOME SUPERIORE;D;41.0;12.0;18.0;5.0;19.0;11.0;17.0;27.0;10.0;11.0;;3.0
256;POLIAMBULATORIO OSPEDALE - SAN GIOVANNI BIANCO;88741 - ECOGRAFIA DELL' ADDOME SUPERIORE;P;50.0;94.0;;87.0;82.0;44.0;70.0;;;;80.0;
257;POLIAMBULATORIO OSPEDALE - SAN GIOVANNI BIANCO;88751 - ECOGRAFIA DELL' ADDOME INFERIORE;B;;;;;;8.0;;;;;;
258;POLIAMBULATORIO OSPEDALE - SAN GIOVANNI BIANCO;88751 - ECOGRAFIA DELL' ADDOME INFERIORE;D;42.0;66.0;18.0;9.0;27.0;11.0;15.0;27.0;10.0;11.0;;3.0
259;POLIAMBULATORIO OSPEDALE - SAN GIOVANNI BIANCO;88761 - ECOGRAFIA ADDOME COMPLETO;B;9.0;;;5.0;9.0;;9.0;;;9.0;5.0;
260;POLIAMBULATORIO OSPEDALE - SAN GIOVANNI BIANCO;88761 - ECOGRAFIA ADDOME COMPLETO;D;11.0;;;85.0;;9.0;9.0;12.0;9.0;8.0;;
261;POLIAMBULATORIO OSPEDALE - SAN GIOVANNI BIANCO;88761 - ECOGRAFIA ADDOME COMPLETO;P;47.0;87.0;71.0;106.0;93.0;92.0;113.0;99.0;;41.0;;2.0
262;POLIAMBULATORIO OSPEDALE - SAN GIOVANNI BIANCO;88761 - ECOGRAFIA ADDOME COMPLETO;U;;;;;0.0;;;;;;;
263;POLIAMBULATORIO OSPEDALE - SAN GIOVANNI BIANCO;88772 - ECO(COLOR)DOPPLERGRAFIA DEGLI ARTI SUPERIORI O INFERIORI O DISTRETTUALE, ARTERIOSA O VENOSA;D;;;;;;;;;;25.0;;
264;POLIAMBULATORIO OSPEDALE - SAN GIOVANNI BIANCO;88772 - ECO(COLOR)DOPPLERGRAFIA DEGLI ARTI SUPERIORI O INFERIORI O DISTRETTUALE, ARTERIOSA O VENOSA;P;;;;;;;;;;23.0;;
265;POLIAMBULATORIO OSPEDALE - SAN GIOVANNI BIANCO;8878 - ECOGRAFIA OSTETRICA;D;3.0;14.0;21.0;14.0;2.0;35.0;49.0;28.0;7.0;11.0;;7.0
266;POLIAMBULATORIO OSPEDALE - SAN GIOVANNI BIANCO;8878 - ECOGRAFIA OSTETRICA;P;42.0;49.0;35.0;14.0;1.0;;;70.0;35.0;54.0;;
267;POLIAMBULATORIO OSPEDALE - SAN GIOVANNI BIANCO;88782 - ECOGRAFIA GINECOLOGICA;D;64.0;29.0;53.0;78.0;35.0;43.0;52.0;49.0;;30.0;;
268;POLIAMBULATORIO OSPEDALE - SAN GIOVANNI BIANCO;88782 - ECOGRAFIA GINECOLOGICA;P;;;;;;43.0;;;;;43.0;8.0
269;POLIAMBULATORIO OSPEDALE - SAN GIOVANNI BIANCO;8913 - VISITA NEUROLOGICA (NEUROCHIRURGICA);D;;;;;;;91.0;;;;;
270;POLIAMBULATORIO OSPEDALE - SAN GIOVANNI BIANCO;89261 - PRIMA VISITA GINECOLOGICA;D;64.0;29.0;120.0;;35.0;16.0;43.0;43.0;30.0;58.0;;
271;POLIAMBULATORIO OSPEDALE - SAN GIOVANNI BIANCO;89261 - PRIMA VISITA GINECOLOGICA;P;;;113.0;;;-6.0;51.0;;;36.0;;8.0
272;POLIAMBULATORIO OSPEDALE - SAN GIOVANNI BIANCO;8943 - TEST CARDIOVASCOLARE DA SFORZO CON CICLOERGOMETRO;D;22.0;18.0;;57.0;92.0;69.0;59.0;36.0;;41.0;;
273;POLIAMBULATORIO OSPEDALE - SAN GIOVANNI BIANCO;8943 - TEST CARDIOVASCOLARE DA SFORZO CON CICLOERGOMETRO;P;30.0;;;75.0;64.0;;;36.0;;;;
274;POLIAMBULATORIO OSPEDALE - SAN GIOVANNI BIANCO;8950 - ELETTROCARDIOGRAMMA DINAMICO;B;0.0;;;;1.0;;;;;;;
275;POLIAMBULATORIO OSPEDALE - SAN GIOVANNI BIANCO;8950 - ELETTROCARDIOGRAMMA DINAMICO;D;30.0;14.0;14.0;27.0;22.0;20.0;20.0;27.0;15.0;21.0;;13.0
276;POLIAMBULATORIO OSPEDALE - SAN GIOVANNI BIANCO;8950 - ELETTROCARDIOGRAMMA DINAMICO;P;26.0;28.0;38.0;32.0;20.0;27.0;17.0;25.0;41.0;27.0;;
277;POLIAMBULATORIO OSPEDALE - SAN GIOVANNI BIANCO;8950 - ELETTROCARDIOGRAMMA DINAMICO;U;;;;;;;0.0;;;;;
278;POLIAMBULATORIO OSPEDALE - SAN GIOVANNI BIANCO;8952 - ELETTROCARDIOGRAMMA;D;11.0;25.0;29.0;20.0;26.0;33.0;34.0;28.0;18.0;33.0;29.0;42.0
279;POLIAMBULATORIO OSPEDALE - SAN GIOVANNI BIANCO;8952 - ELETTROCARDIOGRAMMA;P;18.0;;30.0;26.0;23.0;;40.0;34.0;;48.0;19.0;21.0
280;POLIAMBULATORIO OSPEDALE - SAN GIOVANNI BIANCO;897A3 - PRIMA VISITA CARDIOLOGICA;B;7.0;;;;16.0;8.0;;;;7.0;;0.0
281;POLIAMBULATORIO OSPEDALE - SAN GIOVANNI BIANCO;897A3 - PRIMA VISITA CARDIOLOGICA;D;18.0;12.0;20.0;16.0;26.0;0.0;17.0;15.0;19.0;22.0;23.0;42.0
282;POLIAMBULATORIO OSPEDALE - SAN GIOVANNI BIANCO;897A3 - PRIMA VISITA CARDIOLOGICA;P;22.0;0.0;19.0;1.0;28.0;12.0;69.0;;;54.0;14.0;
283;POLIAMBULATORIO OSPEDALE - SAN GIOVANNI BIANCO;897A3 - PRIMA VISITA CARDIOLOGICA;U;;;;;;;;1.0;;1.0;;
284;POLIAMBULATORIO OSPEDALE - SAN GIOVANNI BIANCO;897A7 - PRIMA VISITA DERMATOLOGICA;B;4.0;;;;6.0;;12.0;;;7.0;;14.0
285;POLIAMBULATORIO OSPEDALE - SAN GIOVANNI BIANCO;897A7 - PRIMA VISITA DERMATOLOGICA;D;15.0;28.0;14.0;18.0;38.0;28.0;22.0;;25.0;24.0;;
286;POLIAMBULATORIO OSPEDALE - SAN GIOVANNI BIANCO;897A7 - PRIMA VISITA DERMATOLOGICA;P;24.0;42.0;28.0;;84.0;;;56.0;0.0;28.0;;
287;POLIAMBULATORIO OSPEDALE - SAN GIOVANNI BIANCO;897A7 - PRIMA VISITA DERMATOLOGICA;U;;;;0.0;;;;;;;;
288;POLIAMBULATORIO OSPEDALE - SAN GIOVANNI BIANCO;897A8 - PRIMA VISITA ENDOCRINOLOGICA/DIABETOLOGIA;B;12.0;;;;;;;;;7.0;;
289;POLIAMBULATORIO OSPEDALE - SAN GIOVANNI BIANCO;897A8 - PRIMA VISITA ENDOCRINOLOGICA/DIABETOLOGIA;D;20.0;20.0;23.0;22.0;23.0;74.0;69.0;55.0;36.0;18.0;36.0;
290;POLIAMBULATORIO OSPEDALE - SAN GIOVANNI BIANCO;897A8 - PRIMA VISITA ENDOCRINOLOGICA/DIABETOLOGIA;P;63.0;;9.0;;152.0;;169.0;;;187.0;;351.0
291;POLIAMBULATORIO OSPEDALE - SAN GIOVANNI BIANCO;897B2 - PRIMA VISITA DI MEDICINA FISICA E RIABILITAZIONE;B;;;4.0;1.0;4.0;;10.0;;0.0;;;1.0
292;POLIAMBULATORIO OSPEDALE - SAN GIOVANNI BIANCO;897B2 - PRIMA VISITA DI MEDICINA FISICA E RIABILITAZIONE;D;36.0;29.0;1.0;7.0;28.0;23.0;13.0;30.0;14.0;34.0;;
293;POLIAMBULATORIO OSPEDALE - SAN GIOVANNI BIANCO;897B2 - PRIMA VISITA DI MEDICINA FISICA E RIABILITAZIONE;P;26.0;1.0;;;2.0;;;;;20.0;;
294;POLIAMBULATORIO OSPEDALE - SAN GIOVANNI BIANCO;897B2 - PRIMA VISITA DI MEDICINA FISICA E RIABILITAZIONE;U;;1.0;;;;;;;;;;
295;POLIAMBULATORIO OSPEDALE - SAN GIOVANNI BIANCO;897B7 - PRIMA VISITA ORTOPEDICA;B;11.0;;;;16.0;;8.0;;;8.0;2.0;7.0
296;POLIAMBULATORIO OSPEDALE - SAN GIOVANNI BIANCO;897B7 - PRIMA VISITA ORTOPEDICA;D;14.0;16.0;6.0;16.0;13.0;82.0;19.0;30.0;9.0;31.0;;
297;POLIAMBULATORIO OSPEDALE - SAN GIOVANNI BIANCO;897B7 - PRIMA VISITA ORTOPEDICA;P;48.0;;1.0;53.0;3.0;;23.0;7.0;;41.0;36.0;
298;POLIAMBULATORIO OSPEDALE - SAN GIOVANNI BIANCO;897B7 - PRIMA VISITA ORTOPEDICA;U;;;;2.0;;;;;;;;
299;POLIAMBULATORIO OSPEDALE - SAN GIOVANNI BIANCO;897B8 - PRIMA VISITA ORL;B;5.0;;6.0;;5.0;;2.0;;;6.0;;
300;POLIAMBULATORIO OSPEDALE - SAN GIOVANNI BIANCO;897B8 - PRIMA VISITA ORL;D;6.0;13.0;;10.0;5.0;13.0;14.0;24.0;;7.0;15.0;29.0
301;POLIAMBULATORIO OSPEDALE - SAN GIOVANNI BIANCO;897B8 - PRIMA VISITA ORL;P;8.0;;7.0;8.0;6.0;13.0;14.0;24.0;13.0;8.0;14.0;6.0
302;POLIAMBULATORIO OSPEDALE - SAN GIOVANNI BIANCO;897B8 - PRIMA VISITA ORL;U;;;;;;;;1.0;;;;
303;POLIAMBULATORIO OSPEDALE - SAN GIOVANNI BIANCO;897C2 - PRIMA VISTIA UROLOGICA/ANDROLOGICA;B;;;;;;;13.0;;;;;
304;POLIAMBULATORIO OSPEDALE - SAN GIOVANNI BIANCO;897C2 - PRIMA VISTIA UROLOGICA/ANDROLOGICA;D;41.0;33.0;33.0;;26.0;82.0;61.0;61.0;;41.0;;
305;POLIAMBULATORIO OSPEDALE - SAN GIOVANNI BIANCO;897C2 - PRIMA VISTIA UROLOGICA/ANDROLOGICA;P;4.0;17.0;31.0;;24.0;;13.0;;;38.0;;33.0
306;POLIAMBULATORIO OSPEDALE - SAN GIOVANNI BIANCO;9502 - ESAME COMPLESSIVO DELL'OCCHIO - Visita oculistica, esame dell'occhio comprendente tutti gli aspetti del sistema visivo;B;8.0;;;;;;2.0;;;;;
307;POLIAMBULATORIO OSPEDALE - SAN GIOVANNI BIANCO;9502 - ESAME COMPLESSIVO DELL'OCCHIO - Visita oculistica, esame dell'occhio comprendente tutti gli aspetti del sistema visivo;D;13.0;22.0;13.0;;20.0;14.0;36.0;;10.0;32.0;21.0;
308;POLIAMBULATORIO OSPEDALE - SAN GIOVANNI BIANCO;9502 - ESAME COMPLESSIVO DELL'OCCHIO - Visita oculistica, esame dell'occhio comprendente tutti gli aspetti del sistema visivo;P;70.0;97.0;;62.0;55.0;22.0;29.0;40.0;;38.0;21.0;19.0
309;POLIAMBULATORIO OSPEDALE - SAN GIOVANNI BIANCO;9502 - ESAME COMPLESSIVO DELL'OCCHIO - Visita oculistica, esame dell'occhio comprendente tutti gli aspetti del sistema visivo;U;1.0;;;;;;;;;;;
310;POLIAMBULATORIO OSPEDALE - SAN GIOVANNI BIANCO;9511 - FUNDUS OCULI;P;;;;;;;;;;;21.0;
