;Presidio;Prestazione;Priorit√†;GENNAIO;FEBBRAIO;MARZO;APRILE;MAGGIO;GIUGNO;LUGLIO;AGOSTO;SETTEMBRE;OTTOBRE;NOVEMBRE;DICEMBRE
0;Busto;88385 - TOMOGRAFIA COMPUTERIZZATA (TC) DEL BACINO;D;1;2;1;1;1;2;1;1;1;1;1;7
1;Busto;COLONSCOPIA CON ENDOSCOPIO FLESSIBILE;B;0;13;;;30;0;11;16;19;8;30;23
2;Busto;COLONSCOPIA CON ENDOSCOPIO FLESSIBILE;D;0;0;126;0;0;0;;148;0;62;112;122
3;Busto;COLONSCOPIA CON ENDOSCOPIO FLESSIBILE;P;131;0;311;0;233;0;50;193;447;213;235;48
4;Busto;COLONSCOPIA CON ENDOSCOPIO FLESSIBILE;U;0;0;1;;0;;;6;0;5;;
5;Busto;DIAGNOSTICA ECOGRAFICA DEL CAPO E DEL COLLO;P;0;0;5;141;1;0;111;89;129;0;55;3
6;Busto;ECO(COLOR)DOPPLER DEI TRONCHI SOVRAAORTICI;D;1;1;1;3;0;5;4;0;;6;98;6
7;Busto;ECO(COLOR)DOPPLER DEI TRONCHI SOVRAAORTICI;P;1;1;1;0;0;5;5;0;2;6;5;5
8;Busto;ECO(COLOR)DOPPLERGRAFIA DEGLI ARTI SUPERIORI O INFERIORI O DISTRETTUALE, ARTERIOSA O VENOSA;B;0;9;3;;8;6;;;1;10;6;
9;Busto;ECO(COLOR)DOPPLERGRAFIA DEGLI ARTI SUPERIORI O INFERIORI O DISTRETTUALE, ARTERIOSA O VENOSA;D;3;45;0;6;6;;10;6;6;6;;
10;Busto;ECO(COLOR)DOPPLERGRAFIA DEGLI ARTI SUPERIORI O INFERIORI O DISTRETTUALE, ARTERIOSA O VENOSA;P;0;0;0;;4;0;0;6;4;6;5;0
11;Busto;ECOGRAFIA ADDOME COMPLETO;B;10;;;0;;0;0;0;7;;;1
12;Busto;ECOGRAFIA ADDOME COMPLETO;D;0;;0;0;;0;103;0;0;0;;1
13;Busto;ECOGRAFIA ADDOME COMPLETO;P;80;0;0;0;0;0;51;0;0;0;0;162
14;Busto;ECOGRAFIA ADDOME COMPLETO;U;0;;2;;1;0;;0;;;2;
15;Busto;ECOGRAFIA DELL' ADDOME INFERIORE;D;1;2;;1;1;1;1;0;1;1;1;2
16;Busto;ECOGRAFIA DELL' ADDOME SUPERIORE;D;0;;;1;0;0;;1;2;0;;
17;Busto;ECOGRAFIA DELLA MAMMELLA  Bilaterale;P;271;122;247;183;0;1;;5;;1;0;1
18;Busto;ECOGRAFIA DELLA MAMMELLA  Monolaterale;D;1;2;1;1;1;1;1;;5;1;1;2
19;Busto;ECOGRAFIA GINECOLOGICA;D;19;19;26;33;278;20;14;16;30;33;26;40
20;Busto;ECOGRAFIA OSTETRICA;P;59;40;46;22;61;34;44;15;18;1;77;39
21;Busto;ELETTROCARDIOGRAMMA DINAMICO;D;4;9;7;19;0;20;0;12;;29;20;0
22;Busto;ELETTROCARDIOGRAMMA DINAMICO;P;0;;8;5;27;0;17;1;0;15;0;28
23;Busto;ELETTROCARDIOGRAMMA;D;89;;82;0;2;11;4;16;34;67;17;1
24;Busto;ELETTROCARDIOGRAMMA;P;1;;0;0;0;1;2;4;3;1;1;2
25;Busto;ESAME AUDIOMETRICO TONALE;D;2;2;6;3;10;14;5;15;0;0;15;0
26;Busto;ESAME AUDIOMETRICO TONALE;P;0;0;0;0;0;0;1;1;0;0;0;0
27;Busto;ESOFAGOGASTRODUODENOSCOPIA [EGD] CON BIOPSIA Biopsia di una o piu sedi;B;4;9;1;8;14;10;10;4;7;0;8;10
28;Busto;ESOFAGOGASTRODUODENOSCOPIA [EGD] CON BIOPSIA Biopsia di una o piu sedi;D;0;0;0;;;;1;2;;50;1;1
29;Busto;ESOFAGOGASTRODUODENOSCOPIA [EGD] CON BIOPSIA Biopsia di una o piu sedi;P;0;0;39;;141;0;200;120;;74;115;0
30;Busto;MAMMOGRAFIA  BILATERALE (2 proiezioni);D;36;253;478;1;100;5;1;40;17;9;109;586
31;Busto;MAMMOGRAFIA  BILATERALE (2 proiezioni);P;44;87;140;41;46;15;60;29;;2;25;1
32;Busto;MAMMOGRAFIA MONOLATERALE (2 proiezioni);P;0;;0;;;125;;29;;1;0;1
33;Busto;PRIMA VISITA CARDIOLOGICA;B;0;0;1;1;1;;0;;;0;1;0
34;Busto;PRIMA VISITA CARDIOLOGICA;D;0;0;82;4;2;14;0;56;0;0;43;0
35;Busto;PRIMA VISITA CARDIOLOGICA;P;0;;;5;1;1;;0;;0;91;
36;Busto;PRIMA VISITA CHIRURGICA VASCOLARE;B;9;1;1;;6;6;1;5;;12;1;2
37;Busto;PRIMA VISITA CHIRURGICA VASCOLARE;D;3;1;1;6;;12;1;1;12;2;1;6
38;Busto;PRIMA VISITA CHIRURGICA VASCOLARE;U;1;;1;;;;;;0;3;;2
39;Busto;PRIMA VISITA DERMATOLOGICA;D;5;1;0;22;0;34;24;0;15;21;0;35
40;Busto;PRIMA VISITA DERMATOLOGICA;P;18;27;2;45;52;0;43;82;0;49;72;60
41;Busto;PRIMA VISITA DI MEDICINA FISICA E RIABILITAZIONE;D;0;1;0;11;0;0;0;0;7;0;11;0
42;Busto;PRIMA VISITA DI MEDICINA FISICA E RIABILITAZIONE;P;0;0;;0;0;0;0;0;0;0;0;0
43;Busto;PRIMA VISITA ENDOCRINOLOGICA/DIABETOLOGICA;D;5;67;3;3;5;41;1;41;5;1;6;5
44;Busto;PRIMA VISITA GASTROENTEROLOGICA;D;1;;74;1;5;4;55;28;;16;1;1
45;Busto;PRIMA VISITA GINECOLOGICA;D;23;37;23;0;28;0;0;0;3;4;52;164
46;Busto;PRIMA VISITA GINECOLOGICA;P;12;20;35;0;22;5;104;0;0;0;0;0
47;Busto;PRIMA VISITA NEUROLOGICA [NEUROCHIRURGICA];D;22;4;5;8;35;0;0;9;0;16;41;27
48;Busto;PRIMA VISITA NEUROLOGICA [NEUROCHIRURGICA];P;45;55;0;71;;88;71;9;;;114;110
49;Busto;PRIMA VISITA OCULISTICA;B;0;0;13;6;1;14;0;0;;8;0;
50;Busto;PRIMA VISITA OCULISTICA;D;26;77;3;44;0;30;55;22;104;14;10;40
51;Busto;PRIMA VISITA OCULISTICA;P;26;56;308;0;113;166;113;223;35;72;107;92
52;Busto;PRIMA VISITA ONCOLOGICA;D;2;2;1;1;1;1;1;1;1;1;1;2
53;Busto;PRIMA VISITA ORL;B;4;11;12;4;5;4;7;9;7;3;8;7
54;Busto;PRIMA VISITA ORL;D;4;17;11;9;6;13;20;6;19;8;16;0
55;Busto;PRIMA VISITA ORL;P;4;9;16;40;24;6;34;24;53;28;34;24
56;Busto;PRIMA VISITA ORL;U;0;0;0;;;;7;0;0;0;;0
57;Busto;PRIMA VISITA ORTOPEDICA;B;13;0;0;0;0;10;0;1;0;;;
58;Busto;PRIMA VISITA ORTOPEDICA;D;10;;0;0;0;0;15;0;11;2;19;0
59;Busto;PRIMA VISITA ORTOPEDICA;P;53;0;;0;37;18;87;0;;33;15;0
60;Busto;PRIMA VISITA PNEUMOLOGICA;B;0;0;;0;;;0;0;0;0;;
61;Busto;PRIMA VISITA PNEUMOLOGICA;D;8;;0;8;39;1;;;10;;0;31
62;Busto;PRIMA VISITA PNEUMOLOGICA;P;18;;0;;;;;;0;;;0
63;Busto;PRIMA VISITA UROLOGICA/ANDROLOGICA;D;5;0;;7;;0;0;7;6;18;0;32
64;Busto;PRIMA VISITA UROLOGICA/ANDROLOGICA;P;5;0;;;112;0;0;;20;30;1;
65;Busto;PRIMA VISITA UROLOGICA/ANDROLOGICA;U;0;1;0;4;;;;;;0;;
66;Busto;"RETTOSIGMOIDOSCOPIA CON ENDOSCOPIO FLESSIBILE; Endoscopia del retto, colon discendente. Campione";D;1;2;5;1;1;;;;;;;
67;Busto;RISONANZA MAGNETICA NUCLEARE (RM) DEL CERVELLO E DEL TRONCO ENCEFALICO, SENZA E CON CONTRASTO;D;8;2;6;;;7;;1;7;7;2;
68;Busto;RISONANZA MAGNETICA NUCLEARE (RM) DEL CERVELLO E DEL TRONCO ENCEFALICO;D;9;1;;0;7;;;1;7;7;;0
69;Busto;RISONANZA MAGNETICA NUCLEARE (RM) DELLA COLONNA, SENZA E CON CONTRASTO;D;8;2;6;15;19;7;1;1;7;7;2;5
70;Busto;RISONANZA MAGNETICA NUCLEARE (RM) DELLA COLONNA;D;9;20;0;;0;7;1;1;7;7;90;18
71;Busto;RISONANZA MAGNETICA NUCLEARE (RM) DELL'ADDOME INFERIORE E SCAVO PELVICO, SENZA E CON CONTRASTO;D;6;2;6;8;13;7;0;1;;;;5
72;Busto;RISONANZA MAGNETICA NUCLEARE (RM) DELL'ADDOME INFERIORE E SCAVO PELVICO;D;6;2;6;8;13;7;1;1;7;7;2;5
73;Busto;SPIROMETRIA GLOBALE;D;0;42;46;8;129;0;97;171;73;167;0;0
74;Busto;SPIROMETRIA GLOBALE;P;46;44;6;35;44;71;55;0;0;4;46;60
75;Busto;SPIROMETRIA SEMPLICE;D;0;103;25;;156;;41;1;;106;;
76;Busto;SPIROMETRIA SEMPLICE;P;0;30;;0;16;0;1;;;0;54;13
77;Busto;TEST CARDIOVASCOLARE DA SFORZO CON CICLOERGOMETRO;B;0;0;;0;;;5;;;0;0;
78;Busto;TEST CARDIOVASCOLARE DA SFORZO CON PEDANA MOBILE;D;7;14;14;14;21;7;27;291;280;69;81;125
79;Busto;TOMOGRAFIA COMPUTERIZZATA  (TC) DEL RACHIDE E DELLO SPECO VERTEBRALE, SENZA E CON CONTRASTO;D;1;2;1;1;1;2;1;1;1;;1;7
80;Busto;TOMOGRAFIA COMPUTERIZZATA  (TC) DEL RACHIDE E DELLO SPECO VERTEBRALE;D;1;2;1;1;1;2;1;1;1;1;1;7
81;Busto;TOMOGRAFIA COMPUTERIZZATA (TC) DEL CAPO, SENZA E CON CONTRASTO;U;0;;0;;;0;;;;1;;6
82;Busto;TOMOGRAFIA COMPUTERIZZATA (TC) DEL CAPO;D;1;2;;1;1;2;1;1;;0;1;7
83;Busto;TOMOGRAFIA COMPUTERIZZATA (TC) DEL TORACE, SENZA E CON CONTRASTO;B;0;0;;;1;0;;0;;1;;
84;Busto;TOMOGRAFIA COMPUTERIZZATA (TC) DEL TORACE, SENZA E CON CONTRASTO;P;0;0;;0;1;0;1;0;0;0;;5
85;Busto;TOMOGRAFIA COMPUTERIZZATA (TC) DEL TORACE, SENZA E CON CONTRASTO;U;0;1;0;0;;0;1;;0;1;;
86;Busto;TOMOGRAFIA COMPUTERIZZATA (TC) DEL TORACE;B;2;0;;0;1;;;;;0;;6
87;Busto;TOMOGRAFIA COMPUTERIZZATA (TC) DEL TORACE;P;0;;0;;;;1;0;0;1;0;0
88;Busto;TOMOGRAFIA COMPUTERIZZATA (TC) DELL' ADDOME COMPLETO, SENZA E CON CONTRASTO;B;0;;0;;;;;;;;0;5
89;Busto;TOMOGRAFIA COMPUTERIZZATA (TC) DELL' ADDOME COMPLETO, SENZA E CON CONTRASTO;D;0;0;;;;;1;0;0;0;;
90;Busto;TOMOGRAFIA COMPUTERIZZATA (TC) DELL' ADDOME COMPLETO, SENZA E CON CONTRASTO;P;0;0;;0;1;;1;;0;0;;5
91;Busto;TOMOGRAFIA COMPUTERIZZATA (TC) DELL' ADDOME COMPLETO, SENZA E CON CONTRASTO;U;1;;0;0;;1;1;;0;1;0;5
92;Busto;TOMOGRAFIA COMPUTERIZZATA (TC) DELL' ADDOME COMPLETO;D;1;2;;1;;;1;;1;1;1;
93;Busto;TOMOGRAFIA COMPUTERIZZATA (TC) DELL' ADDOME INFERIORE, SENZA E CON CONTRASTO;D;1;2;1;1;1;2;1;1;;1;1;7
94;Busto;TOMOGRAFIA COMPUTERIZZATA (TC) DELL' ADDOME INFERIORE;D;1;2;1;1;1;2;1;1;1;1;1;7
95;Busto;TOMOGRAFIA COMPUTERIZZATA (TC) DELL' ADDOME SUPERIORE, SENZA E CON CONTRASTO;D;1;2;1;1;1;2;1;1;;1;1;7
96;Busto;TOMOGRAFIA COMPUTERIZZATA (TC) DELL' ADDOME SUPERIORE;D;1;2;1;1;1;2;1;1;1;1;1;7
97;Gallarate;88385 - TOMOGRAFIA COMPUTERIZZATA (TC) DEL BACINO;D;2;2;1;7;7;7;16;23;8;7;;16
98;Gallarate;ALTRI TEST CARDIOVASCOLARI DA SFORZO;D;2;23;2;38;28;14;27;287;287;69;89;127
99;Gallarate;COLONSCOPIA CON ENDOSCOPIO FLESSIBILE;B;0;14;0;0;0;12;;;;5;23;
100;Gallarate;COLONSCOPIA CON ENDOSCOPIO FLESSIBILE;P;357;;;;;;;;;7;0;
101;Gallarate;DIAGNOSTICA ECOGRAFICA DEL CAPO E DEL COLLO;D;1;0;32;;0;;;1;1;0;1;
102;Gallarate;ECO(COLOR)DOPPLER DEI TRONCHI SOVRAAORTICI;D;1;;;;15;0;16;0;0;0;0;0
103;Gallarate;ECO(COLOR)DOPPLERGRAFIA DEGLI ARTI SUPERIORI O INFERIORI O DISTRETTUALE, ARTERIOSA O VENOSA;D;96;75;94;96;71;49;67;126;148;150;153;139
104;Gallarate;ECOGRAFIA ADDOME COMPLETO;P;48;32;22;71;20;0;0;;;28;42;29
105;Gallarate;ECOGRAFIA ADDOME COMPLETO;U;0;0;;;1;;;;;;0;1
106;Gallarate;ECOGRAFIA DELL' ADDOME INFERIORE;D;1;2;1;1;1;1;1;1;1;1;1;8
107;Gallarate;ECOGRAFIA DELL' ADDOME SUPERIORE;D;1;0;1;0;;;1;;1;;0;8
108;Gallarate;ECOGRAFIA DELLA MAMMELLA  Bilaterale;D;0;1;9;1;0;1;0;5;5;1;;27
109;Gallarate;ECOGRAFIA DELLA MAMMELLA  Bilaterale;P;0;3;28;25;0;1;0;20;5;1;0;
110;Gallarate;ECOGRAFIA DELLA MAMMELLA  Monolaterale;D;1;15;1;1;8;1;1;36;8;8;1;27
111;Gallarate;ECOGRAFIA GINECOLOGICA;D;7;;14;7;7;;7;21;7;14;7;7
112;Gallarate;ECOGRAFIA OSTETRICA;D;5;5;5;5;5;5;5;19;;5;1;
113;Gallarate;ELETTROCARDIOGRAMMA DINAMICO;B;0;0;;0;;;;;;;;
114;Gallarate;ELETTROCARDIOGRAMMA DINAMICO;D;8;7;;5;16;0;0;0;0;0;0;49
115;Gallarate;ELETTROCARDIOGRAMMA DINAMICO;P;8;7;7;14;0;0;0;49;14;11;16;0
116;Gallarate;ELETTROCARDIOGRAMMA;D;10;1;15;16;46;30;18;21;25;2;33;1
117;Gallarate;ELETTROCARDIOGRAMMA;P;1;6;1;1;1;1;5;1;1;4;12;1
118;Gallarate;ELETTROMIOGRAFIA SEMPLICE [EMG];B;0;;;;;;;;0;;;0
119;Gallarate;ESAME AUDIOMETRICO TONALE;U;0;;;;0;;;;;;;
120;Gallarate;ESOFAGOGASTRODUODENOSCOPIA [EGD] CON BIOPSIA Biopsia di una o piu sedi;B;0;;;0;13;15;;;;0;;
121;Gallarate;ESOFAGOGASTRODUODENOSCOPIA [EGD] CON BIOPSIA Biopsia di una o piu sedi;D;13;5;0;0;;81;1;2;1;;;2
122;Gallarate;ESOFAGOGASTRODUODENOSCOPIA [EGD] CON BIOPSIA Biopsia di una o piu sedi;P;103;120;47;70;114;0;1;;;37;;
123;Gallarate;MAMMOGRAFIA  BILATERALE (2 proiezioni);B;0;;;;;;;;;;;
124;Gallarate;MAMMOGRAFIA  BILATERALE (2 proiezioni);D;0;;10;8;0;1;1;29;1;1;0;62
125;Gallarate;MAMMOGRAFIA  BILATERALE (2 proiezioni);P;22;16;36;39;9;52;1;48;1;30;67;1
126;Gallarate;MAMMOGRAFIA MONOLATERALE (2 proiezioni);D;1;14;;6;13;;7;;7;;14;27
127;Gallarate;PRIMA VISITA CARDIOLOGICA;D;18;0;23;1;9;1;0;91;29;0;1;0
128;Gallarate;PRIMA VISITA CARDIOLOGICA;P;0;64;8;64;40;;0;10;;;;
129;Gallarate;PRIMA VISITA CHIRURGICA VASCOLARE;D;5;8;8;12;17;29;1;1;1;1;1;43
130;Gallarate;PRIMA VISITA DERMATOLOGICA;B;9;5;5;16;9;0;12;14;7;;6;27
131;Gallarate;PRIMA VISITA DERMATOLOGICA;D;3;3;29;5;13;0;0;8;15;5;34;0
132;Gallarate;PRIMA VISITA DERMATOLOGICA;P;43;64;36;44;71;74;74;;22;1;70;61
133;Gallarate;PRIMA VISITA DERMATOLOGICA;U;1;0;1;5;0;3;0;0;;1;2;0
134;Gallarate;PRIMA VISITA DI MEDICINA FISICA E RIABILITAZIONE;D;16;17;17;58;21;44;97;112;29;30;29;29
135;Gallarate;PRIMA VISITA ENDOCRINOLOGICA/DIABETOLOGICA;B;17;1;24;5;5;11;1;;;1;0;1
136;Gallarate;PRIMA VISITA ENDOCRINOLOGICA/DIABETOLOGICA;D;20;1;5;6;5;5;22;5;70;6;0;23
137;Gallarate;PRIMA VISITA ENDOCRINOLOGICA/DIABETOLOGICA;P;23;1;5;;5;5;1;;;1;32;66
138;Gallarate;PRIMA VISITA ENDOCRINOLOGICA/DIABETOLOGICA;U;5;1;5;7;5;;;6;;3;1;1
139;Gallarate;PRIMA VISITA GASTROENTEROLOGICA;B;2;13;7;11;12;10;;;12;20;;
140;Gallarate;PRIMA VISITA GASTROENTEROLOGICA;P;113;0;;;5;;;85;;;;
141;Gallarate;PRIMA VISITA GINECOLOGICA;D;0;0;1;0;;;0;0;0;0;11;
142;Gallarate;PRIMA VISITA NEUROLOGICA [NEUROCHIRURGICA];D;1;1;;1;13;;0;0;0;33;;0
143;Gallarate;PRIMA VISITA OCULISTICA;D;10;0;0;;38;;0;0;1;19;0;
144;Gallarate;PRIMA VISITA OCULISTICA;P;19;124;0;0;108;152;173;0;90;0;0;22
145;Gallarate;PRIMA VISITA ONCOLOGICA;D;1;;1;0;0;;0;0;;0;1;2
146;Gallarate;PRIMA VISITA ORL;B;7;12;6;0;12;0;;;5;12;0;0
147;Gallarate;PRIMA VISITA ORL;D;3;3;11;19;8;0;7;0;0;4;0;
148;Gallarate;PRIMA VISITA ORL;P;0;0;;0;0;0;;;0;0;0;
149;Gallarate;PRIMA VISITA ORL;U;0;1;1;1;;;;0;2;;1;
150;Gallarate;PRIMA VISITA ORTOPEDICA;B;0;0;0;0;0;15;11;1;0;6;7;9
151;Gallarate;PRIMA VISITA ORTOPEDICA;D;9;0;0;9;0;0;15;28;0;23;22;0
152;Gallarate;PRIMA VISITA ORTOPEDICA;P;0;0;;;0;0;0;0;0;24;0;
153;Gallarate;PRIMA VISITA PNEUMOLOGICA;D;10;;0;;;0;0;;0;1;1;1
154;Gallarate;PRIMA VISITA UROLOGICA/ANDROLOGICA;B;0;0;;;;6;;;;3;9;
155;Gallarate;PRIMA VISITA UROLOGICA/ANDROLOGICA;D;5;0;2;1;;;5;5;10;3;0;1
156;Gallarate;PRIMA VISITA UROLOGICA/ANDROLOGICA;P;0;;;;5;0;;;20;;17;
157;Gallarate;RISONANZA MAGNETICA NUCLEARE (RM) DEL CERVELLO E DEL TRONCO ENCEFALICO, SENZA E CON CONTRASTO;P;0;1;;;;0;0;1;2;0;2;
158;Gallarate;RISONANZA MAGNETICA NUCLEARE (RM) DEL CERVELLO E DEL TRONCO ENCEFALICO;U;7;;;;;;;;;;;
159;Gallarate;RISONANZA MAGNETICA NUCLEARE (RM) DELLA COLONNA, SENZA E CON CONTRASTO;D;5;8;1;7;5;2;2;7;;2;7;7
160;Gallarate;RISONANZA MAGNETICA NUCLEARE (RM) DELLA COLONNA;D;5;8;1;28;5;27;;7;2;2;;7
161;Gallarate;RISONANZA MAGNETICA NUCLEARE (RM) DELL'ADDOME INFERIORE E SCAVO PELVICO, SENZA E CON CONTRASTO;D;5;8;1;55;5;0;2;7;2;2;7;7
162;Gallarate;RISONANZA MAGNETICA NUCLEARE (RM) DELL'ADDOME INFERIORE E SCAVO PELVICO;D;5;8;1;34;5;2;2;;2;2;7;7
163;Gallarate;SPIROMETRIA GLOBALE;D;100;111;115;130;128;136;137;133;135;114;128;217
164;Gallarate;SPIROMETRIA SEMPLICE;D;119;120;115;130;128;;;;;6;;2
165;Gallarate;TEST CARDIOVASCOLARE DA SFORZO CON CICLOERGOMETRO;D;0;0;;;;;5;6;;;0;0
166;Gallarate;TEST CARDIOVASCOLARE DA SFORZO CON CICLOERGOMETRO;P;3;0;0;0;0;0;5;;5;;13;38
167;Gallarate;TEST CARDIOVASCOLARE DA SFORZO CON PEDANA MOBILE;D;2;23;2;19;28;243;27;287;280;69;;117
168;Gallarate;TOMOGRAFIA COMPUTERIZZATA  (TC) DEL RACHIDE E DELLO SPECO VERTEBRALE, SENZA E CON CONTRASTO;D;2;2;1;7;7;7;16;23;8;7;8;16
169;Gallarate;TOMOGRAFIA COMPUTERIZZATA  (TC) DEL RACHIDE E DELLO SPECO VERTEBRALE;D;2;2;1;7;7;7;16;23;8;;8;
170;Gallarate;TOMOGRAFIA COMPUTERIZZATA (TC) DEL CAPO, SENZA E CON CONTRASTO;D;1;0;1;;;7;16;0;8;;8;16
171;Gallarate;TOMOGRAFIA COMPUTERIZZATA (TC) DEL CAPO;U;1;;;;;6;;;;5;;
172;Gallarate;TOMOGRAFIA COMPUTERIZZATA (TC) DEL TORACE, SENZA E CON CONTRASTO;D;1;0;0;0;;0;16;23;8;;;16
173;Gallarate;TOMOGRAFIA COMPUTERIZZATA (TC) DEL TORACE;D;1;61;1;58;;0;16;;0;;8;16
174;Gallarate;TOMOGRAFIA COMPUTERIZZATA (TC) DELL' ADDOME COMPLETO, SENZA E CON CONTRASTO;D;1;0;;0;;0;16;23;8;1;0;16
175;Gallarate;TOMOGRAFIA COMPUTERIZZATA (TC) DELL' ADDOME COMPLETO;D;1;2;1;0;;7;16;;8;7;8;16
176;Gallarate;TOMOGRAFIA COMPUTERIZZATA (TC) DELL' ADDOME INFERIORE, SENZA E CON CONTRASTO;D;2;2;1;7;7;7;16;23;8;7;8;16
177;Gallarate;TOMOGRAFIA COMPUTERIZZATA (TC) DELL' ADDOME INFERIORE;D;2;2;1;7;7;7;16;23;8;;8;16
178;Gallarate;TOMOGRAFIA COMPUTERIZZATA (TC) DELL' ADDOME SUPERIORE, SENZA E CON CONTRASTO;D;2;2;1;0;;;16;23;8;7;8;16
179;Gallarate;TOMOGRAFIA COMPUTERIZZATA (TC) DELL' ADDOME SUPERIORE;D;2;2;1;7;7;7;16;23;8;7;8;16
180;Ospedale Busto Arsizio;ANCA-INTERVENTI PROTESI D'ANCA;C_A;5;27;;;6;;;;;;255;
181;Ospedale Busto Arsizio;ANCA-INTERVENTI PROTESI D'ANCA;C_D;4;369;;;;350;352;362;334;;256;351
182;Ospedale Busto Arsizio;CAROTIDE-ENDOARTERIECTOMIA CAROTIDEA;C_A;18;;;;;14;;;;;22;
183;Ospedale Busto Arsizio;COLECISTE-COLECISTECTOMIA LAPAROSCOPICA;C_D;9;236;;;;350;352;;334;;356;351
184;Ospedale Busto Arsizio;COLON-INTERVENTI CHIRURGICI TUMORE MALIGNO COLON;C_A;9;28;;;14;;;;4;;24;
185;Ospedale Busto Arsizio;CORONAROGRAFIA-CORONAROGRAFIA;C_A;11;8;;;;17;10;16;14;;14;29
186;Ospedale Busto Arsizio;CORONAROGRAFIA-CORONAROGRAFIA;C_D;14;;;;;;;;;;;
187;Ospedale Busto Arsizio;ERNIA_INGUINALE-RIPARAZIONE ERNIA INGUINALE;C_D;5;371;;;;350;352;;334;;356;351
188;Ospedale Busto Arsizio;MAMMELLA-INTERVENTI CHIRURGICI TUMORE MALIGNO MAMMELLA;C_B;7;;;;;;;;;;;
189;Ospedale Busto Arsizio;PROSTATA-INTERVENTI CHIRURGICI TUMORE MALIGNO PROSTATA;C_C;38;;;;;;;;;;;
190;Ospedale Gallarate;ANCA-INTERVENTI PROTESI D'ANCA;C_D;362;341;;;335;350;352;362;;;;
191;Ospedale Gallarate;ANGIOPLASTICA-ANGIOPLASTICA CORONARICA (PTCA);C_D;362;341;;;335;350;352;362;334;;356;351
192;Ospedale Gallarate;BIOPSIA_FEGATO-BIOPSIA PERCUTANEA DEL FEGATO;C_D;362;341;;;335;350;352;362;334;;356;351
193;Ospedale Gallarate;BYPASS-BY PASS AORTOCORONARICO;C_D;362;341;;;335;350;352;362;334;;356;351
194;Ospedale Gallarate;CAROTIDE-ENDOARTERIECTOMIA CAROTIDEA;C_D;362;341;;;335;350;352;362;334;;356;351
195;Ospedale Gallarate;COLECISTE-COLECISTECTOMIA LAPAROSCOPICA;C_D;362;341;;;335;350;352;362;334;;356;351
196;Ospedale Gallarate;COLON-INTERVENTI CHIRURGICI TUMORE MALIGNO COLON;C_D;362;341;;;335;350;352;362;334;;356;351
197;Ospedale Gallarate;CORONAROGRAFIA-CORONAROGRAFIA;C_D;362;341;;;335;350;352;362;334;;356;
198;Ospedale Gallarate;EMORROIDECTOMIA-EMORROIDECTOMIA;C_D;362;341;;;335;350;352;362;334;;;
199;Ospedale Gallarate;ERNIA_INGUINALE-RIPARAZIONE ERNIA INGUINALE;C_D;362;341;;;335;350;352;362;334;;185;
200;Ospedale Gallarate;MAMMELLA-INTERVENTI CHIRURGICI TUMORE MALIGNO MAMMELLA;C_D;362;341;;;335;350;352;362;334;;;351
201;Ospedale Gallarate;MELANOMA-INTERVENTI CHIRURGICI  PER MELANOMA;C_D;362;341;;;335;350;352;362;334;;356;351
202;Ospedale Gallarate;POLMONE-INTERVENTI CHIRURGICI TUMORE DEL POLMONE;C_D;362;341;;;335;350;352;362;334;;356;351
203;Ospedale Gallarate;PROSTATA-INTERVENTI CHIRURGICI TUMORE MALIGNO PROSTATA;C_D;362;341;;;335;350;352;362;334;;356;351
204;Ospedale Gallarate;RETTO-INTERVENTI CHIRURGICI TUMORE MALIGNO RETTO;C_D;362;341;;;335;350;352;362;334;;356;351
205;Ospedale Gallarate;TIROIDE-INTERVENTI CHIRURGICI PER TUMORE MALIGNO DELLA TIROIDE;C_D;362;341;;;335;350;352;362;334;;356;351
206;Ospedale Gallarate;UTERO-INTERVENTI CHIRURGICI TUMORE MALIGNO DELL' UTERO;C_D;362;341;;;335;350;352;362;334;;356;351
207;Ospedale Saronno;ANCA-INTERVENTI PROTESI D'ANCA;C_B;8;59;;;128;;;;;;;
208;Ospedale Saronno;ANCA-INTERVENTI PROTESI D'ANCA;C_C;1;179;;;216;;;;364;;326;61
209;Ospedale Saronno;ERNIA_INGUINALE-RIPARAZIONE ERNIA INGUINALE;C_C;157;161;;;155;;147;;;;181;
210;Ospedale Saronno;TIROIDE-INTERVENTI CHIRURGICI PER TUMORE MALIGNO DELLA TIROIDE;C_A;22;;;;;;;;;;;
211;Saronno;88385 - TOMOGRAFIA COMPUTERIZZATA (TC) DEL BACINO;D;1;8;15;8;1;8;15;15;6;1;7;7
212;Saronno;ALTRI TEST CARDIOVASCOLARI DA SFORZO;D;89;17;9;21;28;12;27;287;287;69;89;126
213;Saronno;COLONSCOPIA CON ENDOSCOPIO FLESSIBILE;D;0;;7;5;;3;177;434;0;0;201;
214;Saronno;COLONSCOPIA CON ENDOSCOPIO FLESSIBILE;P;104;105;;;118;178;303;6;298;29;;365
215;Saronno;DIAGNOSTICA ECOGRAFICA DEL CAPO E DEL COLLO;D;0;;;;2;;7;;7;;14;7
216;Saronno;DIAGNOSTICA ECOGRAFICA DEL CAPO E DEL COLLO;P;0;0;;0;;3;;145;;0;;
217;Saronno;ECO(COLOR)DOPPLER DEI TRONCHI SOVRAAORTICI;D;1;;;;;;0;;;;;
218;Saronno;ECO(COLOR)DOPPLER DEI TRONCHI SOVRAAORTICI;P;50;74;1;32;41;118;0;167;0;65;86;84
219;Saronno;ECO(COLOR)DOPPLERGRAFIA DEGLI ARTI SUPERIORI O INFERIORI O DISTRETTUALE, ARTERIOSA O VENOSA;D;0;14;15;16;16;22;19;15;15;20;21;27
220;Saronno;ECO(COLOR)DOPPLERGRAFIA DEGLI ARTI SUPERIORI O INFERIORI O DISTRETTUALE, ARTERIOSA O VENOSA;P;5;;0;;;;;;;;;
221;Saronno;ECOGRAFIA ADDOME COMPLETO;B;2;9;;6;0;0;;0;1;4;;26
222;Saronno;ECOGRAFIA ADDOME COMPLETO;D;0;0;0;;;;0;;;0;0;1
223;Saronno;ECOGRAFIA ADDOME COMPLETO;P;47;0;0;20;0;0;0;0;0;15;0;1
224;Saronno;ECOGRAFIA DELL' ADDOME INFERIORE;D;7;5;5;7;2;7;7;7;7;7;14;7
225;Saronno;ECOGRAFIA DELL' ADDOME SUPERIORE;B;0;;;;;;;;;;;
226;Saronno;ECOGRAFIA DELL' ADDOME SUPERIORE;P;0;0;0;;;0;;;;0;0;
227;Saronno;ECOGRAFIA DELLA MAMMELLA  Bilaterale;D;0;;;;;6;1;;;;;26
228;Saronno;ECOGRAFIA DELLA MAMMELLA  Bilaterale;P;33;42;;1;168;;;49;185;180;127;
229;Saronno;ECOGRAFIA DELLA MAMMELLA  Monolaterale;P;0;;;;;;;;;;;
230;Saronno;ECOGRAFIA GINECOLOGICA;D;49;56;63;187;50;7;64;69;63;6;6;6
231;Saronno;ELETTROCARDIOGRAMMA DINAMICO;D;0;;0;19;;1;;47;19;;0;
232;Saronno;ELETTROCARDIOGRAMMA DINAMICO;U;1;;;;2;;2;;;;1;
233;Saronno;ELETTROCARDIOGRAMMA;B;1;1;16;;7;;;;;;;0
234;Saronno;ELETTROCARDIOGRAMMA;D;0;;6;0;66;;62;1;;20;;13
235;Saronno;ELETTROCARDIOGRAMMA;P;6;1;2;1;0;33;1;12;42;2;1;1
236;Saronno;ELETTROCARDIOGRAMMA;U;1;;0;;0;;1;;0;0;0;
237;Saronno;ELETTROMIOGRAFIA SEMPLICE [EMG];B;0;;;;;;;;;;;14
238;Saronno;ESAME AUDIOMETRICO TONALE;D;7;10;1;15;;97;0;111;;2;19;34
239;Saronno;ESAME AUDIOMETRICO TONALE;P;0;8;0;0;13;0;1;27;0;0;0;0
240;Saronno;ESOFAGOGASTRODUODENOSCOPIA [EGD] CON BIOPSIA Biopsia di una o piu sedi;P;69;40;93;;91;31;177;180;106;61;31;125
241;Saronno;MAMMOGRAFIA  BILATERALE (2 proiezioni);D;0;;;;0;;;;;24;;
242;Saronno;MAMMOGRAFIA  BILATERALE (2 proiezioni);P;28;32;;0;84;25;60;65;48;47;51;1
243;Saronno;MAMMOGRAFIA MONOLATERALE (2 proiezioni);D;5;5;6;;0;6;1;40;13;1;6;26
244;Saronno;POLIPECTOMIA ENDOSCOPICA  DELL' INTESTINO CRASSO Polipectomia di uno o piu polipi;D;5;6;7;5;13;5;6;6;5;7;9;0
245;Saronno;PRIMA VISITA CARDIOLOGICA;D;17;5;6;1;83;1;62;0;4;;;26
246;Saronno;PRIMA VISITA CARDIOLOGICA;P;0;;1;1;1;;0;0;15;0;1;0
247;Saronno;PRIMA VISITA CARDIOLOGICA;U;0;;1;;1;;;;;0;1;
248;Saronno;PRIMA VISITA CHIRURGICA VASCOLARE;D;5;8;5;12;6;90;62;41;13;13;;27
249;Saronno;PRIMA VISITA DERMATOLOGICA;D;23;;;5;6;;20;20;34;13;;0
250;Saronno;PRIMA VISITA DI MEDICINA FISICA E RIABILITAZIONE;B;0;1;6;1;3;;0;14;5;5;0;1
251;Saronno;PRIMA VISITA DI MEDICINA FISICA E RIABILITAZIONE;D;2;6;10;9;8;12;;;13;1;7;0
252;Saronno;PRIMA VISITA DI MEDICINA FISICA E RIABILITAZIONE;P;0;0;;0;0;0;0;;0;0;0;0
253;Saronno;PRIMA VISITA DI MEDICINA FISICA E RIABILITAZIONE;U;0;;;;;;;0;1;;;1
254;Saronno;PRIMA VISITA ENDOCRINOLOGICA/DIABETOLOGICA;D;20;1;27;;;132;;5;5;;0;19
255;Saronno;PRIMA VISITA GASTROENTEROLOGICA;D;43;127;;;;;;;;;;
256;Saronno;PRIMA VISITA GINECOLOGICA;D;0;;;5;37;1;1;0;27;0;;0
257;Saronno;PRIMA VISITA GINECOLOGICA;P;0;0;4;;;6;57;69;23;;0;18
258;Saronno;PRIMA VISITA NEUROLOGICA [NEUROCHIRURGICA];D;1;28;0;1;0;0;0;0;0;0;;0
259;Saronno;PRIMA VISITA OCULISTICA;B;0;;13;;16;14;;;15;0;;0
260;Saronno;PRIMA VISITA OCULISTICA;D;0;0;1;0;0;0;1;46;;64;0;0
261;Saronno;PRIMA VISITA OCULISTICA;P;28;;10;0;34;0;;58;;128;34;0
262;Saronno;PRIMA VISITA ONCOLOGICA;D;1;2;2;;0;0;1;1;;0;12;0
263;Saronno;PRIMA VISITA ORL;B;5;5;12;6;11;5;11;9;5;11;0;7
264;Saronno;PRIMA VISITA ORL;D;5;9;12;16;29;41;21;33;19;19;17;22
265;Saronno;PRIMA VISITA ORL;P;0;19;35;17;;11;28;46;0;27;0;
266;Saronno;PRIMA VISITA ORTOPEDICA;D;11;19;0;11;23;14;13;;4;13;6;0
267;Saronno;PRIMA VISITA ORTOPEDICA;P;1;9;10;0;26;16;0;0;;82;76;27
268;Saronno;PRIMA VISITA ORTOPEDICA;U;1;;1;;;;;1;1;;;2
269;Saronno;PRIMA VISITA PNEUMOLOGICA;B;0;0;;;;0;;0;;;;0
270;Saronno;PRIMA VISITA PNEUMOLOGICA;D;0;3;0;13;27;6;15;4;21;1;0;0
271;Saronno;PRIMA VISITA PNEUMOLOGICA;P;7;7;41;0;18;69;32;3;;19;76;1
272;Saronno;PRIMA VISITA UROLOGICA/ANDROLOGICA;B;0;;;;5;8;;12;12;10;0;
273;Saronno;PRIMA VISITA UROLOGICA/ANDROLOGICA;D;0;8;1;0;6;;0;5;2;;;0
274;Saronno;PRIMA VISITA UROLOGICA/ANDROLOGICA;P;245;;;;;;0;;2;;0;
275;Saronno;PRIMA VISITA UROLOGICA/ANDROLOGICA;U;1;;;;5;;;;2;;0;1
276;Saronno;"RETTOSIGMOIDOSCOPIA CON ENDOSCOPIO FLESSIBILE; Endoscopia del retto, colon discendente. Campione";D;1;2;2;1;;1;;;;0;;
277;Saronno;RISONANZA MAGNETICA NUCLEARE (RM) DEL CERVELLO E DEL TRONCO ENCEFALICO, SENZA E CON CONTRASTO;D;0;8;0;;0;;15;1;;1;2;
278;Saronno;RISONANZA MAGNETICA NUCLEARE (RM) DEL CERVELLO E DEL TRONCO ENCEFALICO;D;0;1;8;8;;8;;38;2;1;181;55
279;Saronno;RISONANZA MAGNETICA NUCLEARE (RM) DEL CERVELLO E DEL TRONCO ENCEFALICO;P;0;1;;;94;;289;67;;;188;0
280;Saronno;RISONANZA MAGNETICA NUCLEARE (RM) DELLA COLONNA, SENZA E CON CONTRASTO;D;8;8;8;8;1;6;15;21;6;1;15;15
281;Saronno;RISONANZA MAGNETICA NUCLEARE (RM) DELLA COLONNA;D;0;1;;8;;8;15;;6;;;
282;Saronno;RISONANZA MAGNETICA NUCLEARE (RM) DELLA COLONNA;P;0;36;15;;0;;;1;;0;2;
283;Saronno;RISONANZA MAGNETICA NUCLEARE (RM) DELL'ADDOME INFERIORE E SCAVO PELVICO, SENZA E CON CONTRASTO;D;7;78;7;8;;6;15;1;0;1;;95
284;Saronno;RISONANZA MAGNETICA NUCLEARE (RM) DELL'ADDOME INFERIORE E SCAVO PELVICO;D;8;8;;8;1;8;15;22;6;1;15;15
285;Saronno;SPIROMETRIA GLOBALE;D;89;110;104;80;46;0;9;28;14;105;144;
286;Saronno;SPIROMETRIA SEMPLICE;D;91;26;104;80;;21;9;28;16;55;;33
287;Saronno;TEST CARDIOVASCOLARE DA SFORZO CON CICLOERGOMETRO;D;7;7;7;7;;7;5;0;6;;;0
288;Saronno;TEST CARDIOVASCOLARE DA SFORZO CON PEDANA MOBILE;D;7;7;7;7;7;7;7;49;7;;;0
289;Saronno;TOMOGRAFIA COMPUTERIZZATA  (TC) DEL RACHIDE E DELLO SPECO VERTEBRALE, SENZA E CON CONTRASTO;D;1;8;15;8;1;8;15;15;6;1;7;7
290;Saronno;TOMOGRAFIA COMPUTERIZZATA  (TC) DEL RACHIDE E DELLO SPECO VERTEBRALE;D;1;8;;8;;8;15;0;6;1;;7
291;Saronno;TOMOGRAFIA COMPUTERIZZATA (TC) DEL CAPO, SENZA E CON CONTRASTO;D;0;68;15;191;;8;;15;;1;7;3
292;Saronno;TOMOGRAFIA COMPUTERIZZATA (TC) DEL CAPO, SENZA E CON CONTRASTO;P;8;;;;;;;;;0;;
293;Saronno;TOMOGRAFIA COMPUTERIZZATA (TC) DEL CAPO;B;0;;0;;;;;;;;;
294;Saronno;TOMOGRAFIA COMPUTERIZZATA (TC) DEL CAPO;P;0;;0;0;0;54;;;0;0;;
295;Saronno;TOMOGRAFIA COMPUTERIZZATA (TC) DEL TORACE, SENZA E CON CONTRASTO;B;0;;0;;;0;1;;;;;
296;Saronno;TOMOGRAFIA COMPUTERIZZATA (TC) DEL TORACE, SENZA E CON CONTRASTO;D;77;65;;191;;;1;0;6;1;73;
297;Saronno;TOMOGRAFIA COMPUTERIZZATA (TC) DEL TORACE, SENZA E CON CONTRASTO;P;4;0;;0;1;;;19;0;0;1;12
298;Saronno;TOMOGRAFIA COMPUTERIZZATA (TC) DEL TORACE, SENZA E CON CONTRASTO;U;0;;;;;;;;0;;;
299;Saronno;TOMOGRAFIA COMPUTERIZZATA (TC) DEL TORACE;B;0;;;;;;;;;0;;
300;Saronno;TOMOGRAFIA COMPUTERIZZATA (TC) DEL TORACE;D;0;;;0;149;;1;;;0;;
301;Saronno;TOMOGRAFIA COMPUTERIZZATA (TC) DEL TORACE;P;129;38;55;11;0;57;1;67;70;0;32;0
302;Saronno;TOMOGRAFIA COMPUTERIZZATA (TC) DELL' ADDOME COMPLETO, SENZA E CON CONTRASTO;B;0;;0;0;1;;1;0;;;;
303;Saronno;TOMOGRAFIA COMPUTERIZZATA (TC) DELL' ADDOME COMPLETO, SENZA E CON CONTRASTO;D;77;65;;191;;8;;0;4;11;134;
304;Saronno;TOMOGRAFIA COMPUTERIZZATA (TC) DELL' ADDOME COMPLETO, SENZA E CON CONTRASTO;P;4;11;0;0;1;;;16;0;1;1;5
305;Saronno;TOMOGRAFIA COMPUTERIZZATA (TC) DELL' ADDOME COMPLETO;B;0;;;;;;;;;;;
306;Saronno;TOMOGRAFIA COMPUTERIZZATA (TC) DELL' ADDOME COMPLETO;D;0;8;0;0;149;8;15;;6;1;7;7
307;Saronno;TOMOGRAFIA COMPUTERIZZATA (TC) DELL' ADDOME COMPLETO;P;9;;;;;;;0;;;;
308;Saronno;TOMOGRAFIA COMPUTERIZZATA (TC) DELL' ADDOME INFERIORE, SENZA E CON CONTRASTO;D;1;8;15;8;1;8;15;15;;2;7;7
309;Saronno;TOMOGRAFIA COMPUTERIZZATA (TC) DELL' ADDOME INFERIORE;D;1;8;15;8;1;8;15;15;6;1;7;7
310;Saronno;TOMOGRAFIA COMPUTERIZZATA (TC) DELL' ADDOME SUPERIORE, SENZA E CON CONTRASTO;D;1;;15;8;0;;1;15;;1;0;
311;Saronno;TOMOGRAFIA COMPUTERIZZATA (TC) DELL' ADDOME SUPERIORE;D;0;8;15;8;1;8;;15;6;1;7;7
312;Somma;88385 - TOMOGRAFIA COMPUTERIZZATA (TC) DEL BACINO;D;2;9;9;1;9;9;9;9;9;2;2;30
313;Somma;DIAGNOSTICA ECOGRAFICA DEL CAPO E DEL COLLO;D;147;10;265;78;28;432;239;218;253;70;323;319
314;Somma;ECOGRAFIA ADDOME COMPLETO;D;0;;41;;0;0;0;;0;0;;
315;Somma;ECOGRAFIA DELL' ADDOME INFERIORE;D;5;5;;6;1;7;6;5;5;0;7;6
316;Somma;ECOGRAFIA DELL' ADDOME SUPERIORE;D;5;0;;6;0;0;;5;;7;7;6
317;Somma;ELETTROCARDIOGRAMMA DINAMICO;D;5;6;2;1;1;5;5;;;12;;
318;Somma;ELETTROCARDIOGRAMMA;D;10;0;1;58;0;1;14;31;0;31;0;0
319;Somma;ELETTROCARDIOGRAMMA;P;0;0;0;0;0;0;0;0;0;0;0;0
320;Somma;PRIMA VISITA CARDIOLOGICA;B;0;;;;;1;;27;;0;;
321;Somma;PRIMA VISITA CARDIOLOGICA;D;14;0;1;;1;1;;37;0;31;1;0
322;Somma;PRIMA VISITA DERMATOLOGICA;P;3;1;0;2;;;;;;;0;0
323;Somma;PRIMA VISITA ENDOCRINOLOGICA/DIABETOLOGICA;D;29;25;160;30;118;27;119;71;201;62;8;76
324;Somma;PRIMA VISITA GINECOLOGICA;D;12;52;56;21;66;95;105;;;;;
325;Somma;PRIMA VISITA OCULISTICA;D;9;2;24;0;21;0;;;1;;;
326;Somma;PRIMA VISITA OCULISTICA;P;0;;;;0;0;13;;;;0;0
327;Somma;PRIMA VISITA ORL;D;0;5;0;0;0;0;0;1;0;;;0
328;Somma;PRIMA VISITA ORL;P;8;0;1;50;47;0;22;51;43;1;0;0
329;Somma;RISONANZA MAGNETICA NUCLEARE (RM) DELLA COLONNA;D;40;84;174;176;191;166;166;114;176;195;138;0
330;Somma;TEST CARDIOVASCOLARE DA SFORZO CON CICLOERGOMETRO;D;5;6;2;1;1;;5;9;6;12;13;8
331;Somma;TOMOGRAFIA COMPUTERIZZATA  (TC) DEL RACHIDE E DELLO SPECO VERTEBRALE;D;2;9;9;1;;9;;9;;2;2;5
332;Somma;TOMOGRAFIA COMPUTERIZZATA (TC) DEL CAPO;D;0;0;9;;;0;9;0;;;0;5
333;Somma;TOMOGRAFIA COMPUTERIZZATA (TC) DEL TORACE;D;2;0;9;;0;0;1;0;0;;0;0
334;Somma;TOMOGRAFIA COMPUTERIZZATA (TC) DELL' ADDOME COMPLETO;D;2;0;0;0;9;;1;;;0;2;30
335;Somma;TOMOGRAFIA COMPUTERIZZATA (TC) DELL' ADDOME INFERIORE;D;2;9;9;1;9;;9;9;9;2;2;30
336;Somma;TOMOGRAFIA COMPUTERIZZATA (TC) DELL' ADDOME SUPERIORE;D;2;9;9;1;9;9;9;9;9;2;2;30
337;Busto;DIAGNOSTICA ECOGRAFICA DEL CAPO E DEL COLLO;B;;9;;;0;;1;0;;0;10;
338;Busto;DIAGNOSTICA ECOGRAFICA DEL CAPO E DEL COLLO;D;;0;;;;;;;;0;0;2
339;Busto;ECO(COLOR)DOPPLERGRAFIA DEGLI ARTI SUPERIORI O INFERIORI O DISTRETTUALE, ARTERIOSA O VENOSA;U;;0;0;;;0;;7;1;;4;1
340;Busto;ECOGRAFIA DELL' ADDOME SUPERIORE;P;;0;;;;;0;;;259;;
341;Busto;ECOGRAFIA DELLA MAMMELLA  Bilaterale;D;;254;478;320;125;5;;;;;137;391
342;Busto;ELETTROCARDIOGRAMMA DINAMICO;B;;0;;0;0;0;;;;0;0;0
343;Busto;ELETTROCARDIOGRAMMA;B;;0;0;;0;0;0;;0;0;0;0
344;Busto;ESOFAGOGASTRODUODENOSCOPIA [EGD] CON BIOPSIA Biopsia di una o piu sedi;U;;0;2;;;4;;2;;2;;
345;Busto;MAMMOGRAFIA MONOLATERALE (2 proiezioni);D;;5;0;1;1;0;1;;1;;;
346;Busto;PRIMA VISITA CHIRURGICA VASCOLARE;P;;3;8;;6;5;1;;0;;;2
347;Busto;PRIMA VISITA DI MEDICINA FISICA E RIABILITAZIONE;B;;0;;0;0;0;0;;0;3;1;0
348;Busto;PRIMA VISITA DI MEDICINA FISICA E RIABILITAZIONE;U;;1;1;;;;;;2;;;
349;Busto;PRIMA VISITA GASTROENTEROLOGICA;P;;75;48;;5;5;121;;27;6;0;5
350;Busto;PRIMA VISITA OCULISTICA;U;;2;;0;;0;;0;;2;0;0
351;Busto;PRIMA VISITA UROLOGICA/ANDROLOGICA;B;;0;0;;;7;11;3;8;5;0;
352;Busto;RISONANZA MAGNETICA NUCLEARE (RM) DELLA COLONNA;P;;1;;;0;;;;;;2;
353;Busto;TOMOGRAFIA COMPUTERIZZATA (TC) DEL CAPO, SENZA E CON CONTRASTO;D;;2;;1;1;;1;;1;;1;
354;Busto;TOMOGRAFIA COMPUTERIZZATA (TC) DEL TORACE;D;;0;316;;1;2;1;0;;1;;
355;Gallarate;COLONSCOPIA CON ENDOSCOPIO FLESSIBILE;D;;239;250;238;248;;56;35;1;;;2
356;Gallarate;DIAGNOSTICA ECOGRAFICA DEL CAPO E DEL COLLO;P;;0;0;0;29;1;1;;;26;0;0
357;Gallarate;DIAGNOSTICA ECOGRAFICA DEL CAPO E DEL COLLO;U;;0;;;;;;;;;;
358;Gallarate;ECO(COLOR)DOPPLER DEI TRONCHI SOVRAAORTICI;P;;1;1;89;;2;0;21;39;0;89;
359;Gallarate;ECOGRAFIA ADDOME COMPLETO;D;;16;;71;0;;77;1;1;42;7;
360;Gallarate;ECOGRAFIA GINECOLOGICA;P;;0;;;;0;;;;;;
361;Gallarate;ELETTROCARDIOGRAMMA;U;;0;;;;;0;0;;1;;
362;Gallarate;ELETTROMIOGRAFIA SEMPLICE [EMG];D;;0;2;119;16;;34;;0;0;;
363;Gallarate;ESAME AUDIOMETRICO TONALE;D;;0;0;0;;12;3;1;7;1;0;12
364;Gallarate;ESOFAGOGASTRODUODENOSCOPIA [EGD] CON BIOPSIA Biopsia di una o piu sedi;U;;1;0;1;;;;;;0;1;
365;Gallarate;PRIMA VISITA CARDIOLOGICA;B;;0;;;;;;;;;;
366;Gallarate;PRIMA VISITA CARDIOLOGICA;U;;0;1;;1;;;0;;;1;
367;Gallarate;PRIMA VISITA GASTROENTEROLOGICA;D;;10;0;;98;5;49;34;22;6;18;32
368;Gallarate;PRIMA VISITA GASTROENTEROLOGICA;U;;1;;;3;;;;;;0;
369;Gallarate;PRIMA VISITA NEUROLOGICA [NEUROCHIRURGICA];B;;1;0;1;0;0;0;;;0;0;0
370;Gallarate;PRIMA VISITA ONCOLOGICA;B;;0;;0;0;;0;;0;0;1;
371;Gallarate;PRIMA VISITA ORTOPEDICA;U;;1;1;0;1;0;2;0;1;;;2
372;Gallarate;PRIMA VISITA PNEUMOLOGICA;B;;21;;22;;;0;0;4;9;0;6
373;Gallarate;PRIMA VISITA PNEUMOLOGICA;P;;0;;;;;;;0;71;;1
374;Gallarate;PRIMA VISITA PNEUMOLOGICA;U;;4;;0;1;0;0;;;;0;
375;Gallarate;PRIMA VISITA UROLOGICA/ANDROLOGICA;U;;7;;;5;;;;2;;;0
376;Gallarate;RISONANZA MAGNETICA NUCLEARE (RM) DEL CERVELLO E DEL TRONCO ENCEFALICO;D;;8;1;;5;35;2;;2;2;;7
377;Gallarate;TOMOGRAFIA COMPUTERIZZATA (TC) DEL CAPO;D;;2;1;1;;;16;23;8;;;16
378;Gallarate;TOMOGRAFIA COMPUTERIZZATA (TC) DEL TORACE, SENZA E CON CONTRASTO;P;;0;0;0;1;0;;;;1;0;
379;Gallarate;TOMOGRAFIA COMPUTERIZZATA (TC) DEL TORACE;P;;0;;;40;0;;0;;0;;
380;Gallarate;TOMOGRAFIA COMPUTERIZZATA (TC) DELL' ADDOME COMPLETO, SENZA E CON CONTRASTO;P;;0;0;0;1;0;;;;1;0;
381;Ospedale Busto Arsizio;CAROTIDE-ENDOARTERIECTOMIA CAROTIDEA;C_B;;34;;;47;;;;;;46;
382;Ospedale Busto Arsizio;ERNIA_INGUINALE-RIPARAZIONE ERNIA INGUINALE;C_B;;58;;;;;;35;;;;
383;Ospedale Busto Arsizio;UTERO-INTERVENTI CHIRURGICI TUMORE MALIGNO DELL' UTERO;C_A;;15;;;;;29;;;;;
384;Ospedale Saronno;ANCA-INTERVENTI PROTESI D'ANCA;C_A;;28;;;;;;;;;30;
385;Ospedale Saronno;COLECISTE-COLECISTECTOMIA LAPAROSCOPICA;C_C;;148;;;;;157;;;;167;
386;Ospedale Saronno;EMORROIDECTOMIA-EMORROIDECTOMIA;C_C;;143;;;;;143;;;;180;123
387;Ospedale Saronno;POLMONE-INTERVENTI CHIRURGICI TUMORE DEL POLMONE;C_A;;21;;;;;17;;;;;
388;Ospedale Saronno;PROSTATA-INTERVENTI CHIRURGICI TUMORE MALIGNO PROSTATA;C_A;;28;;;;;30;;;;30;
389;Saronno;COLONSCOPIA CON ENDOSCOPIO FLESSIBILE;B;;0;;;6;;5;;0;0;;0
390;Saronno;COLONSCOPIA CON ENDOSCOPIO FLESSIBILE;U;;0;;;;;;6;;0;;
391;Saronno;ECO(COLOR)DOPPLER DEI TRONCHI SOVRAAORTICI;B;;9;;9;;7;;;;9;;
392;Saronno;ECOGRAFIA DELLA MAMMELLA  Monolaterale;D;;5;6;5;1;6;61;40;13;1;6;26
393;Saronno;ELETTROCARDIOGRAMMA DINAMICO;B;;12;;;6;;7;;;7;7;14
394;Saronno;ELETTROMIOGRAFIA SEMPLICE [EMG];D;;11;6;21;;;1;0;1;71;1;45
395;Saronno;ELETTROMIOGRAFIA SEMPLICE [EMG];P;;9;0;0;24;0;;77;;;;
396;Saronno;ESOFAGOGASTRODUODENOSCOPIA [EGD] CON BIOPSIA Biopsia di una o piu sedi;D;;27;0;0;55;;1;;0;34;3;36
397;Saronno;PRIMA VISITA DERMATOLOGICA;B;;13;;111;;;;;19;;20;
398;Saronno;PRIMA VISITA ENDOCRINOLOGICA/DIABETOLOGICA;P;;1;;12;65;5;2;;5;;63;1
399;Saronno;PRIMA VISITA NEUROLOGICA [NEUROCHIRURGICA];B;;1;;;8;16;3;17;;0;1;
400;Saronno;PRIMA VISITA NEUROLOGICA [NEUROCHIRURGICA];P;;1;229;75;13;44;120;;0;0;0;0
401;Saronno;PRIMA VISITA ORL;U;;1;;;1;5;0;;;;;0
402;Saronno;PRIMA VISITA ORTOPEDICA;B;;12;4;12;16;15;8;;6;9;5;0
403;Saronno;TOMOGRAFIA COMPUTERIZZATA (TC) DEL CAPO;D;;8;;;;;15;15;;;;
404;Saronno;TOMOGRAFIA COMPUTERIZZATA (TC) DELL' ADDOME SUPERIORE, SENZA E CON CONTRASTO;P;;30;;;;;;;0;;132;181
405;Somma;ECOGRAFIA ADDOME COMPLETO;P;;26;0;;0;41;36;0;;99;0;
406;Somma;ECOGRAFIA ADDOME COMPLETO;U;;2;;0;2;0;0;;;3;3;2
407;Somma;ECOGRAFIA DELL' ADDOME SUPERIORE;P;;0;0;;;;0;;;;;
408;Somma;PRIMA VISITA DERMATOLOGICA;D;;0;;5;0;0;0;0;0;115;1;0
409;Somma;TOMOGRAFIA COMPUTERIZZATA (TC) DEL CAPO;U;;0;;;;;;;;;;2
410;Somma;TOMOGRAFIA COMPUTERIZZATA (TC) DEL TORACE;P;;0;;0;0;;;0;0;0;;0
411;Busto;ECOGRAFIA DELL' ADDOME INFERIORE;P;;;0;;;;;;;;;
412;Busto;ECOGRAFIA DELL' ADDOME SUPERIORE;U;;;5;;;;;;;;3;
413;Busto;ECOGRAFIA DELLA MAMMELLA  Bilaterale;B;;;5;;6;9;0;;;;12;
414;Busto;ECOGRAFIA OSTETRICA;D;;;1;;;5;;;;;;
415;Busto;ELETTROCARDIOGRAMMA DINAMICO;U;;;0;;;;0;;;;;
416;Busto;ESAME AUDIOMETRICO TONALE;U;;;0;0;;;;;;;;
417;Busto;PRIMA VISITA DERMATOLOGICA;B;;;6;5;;;6;;;0;19;11
418;Busto;PRIMA VISITA DERMATOLOGICA;U;;;0;;;;0;;;;0;0
419;Busto;PRIMA VISITA GINECOLOGICA;B;;;12;;;0;;9;;3;33;
420;Busto;PRIMA VISITA NEUROLOGICA [NEUROCHIRURGICA];B;;;21;;;14;;0;;14;;
421;Busto;PRIMA VISITA PNEUMOLOGICA;U;;;0;0;;;;;;0;;
422;Busto;RISONANZA MAGNETICA NUCLEARE (RM) DEL CERVELLO E DEL TRONCO ENCEFALICO;U;;;0;0;;0;;;;;;
423;Busto;SPIROMETRIA GLOBALE;B;;;4;0;;0;5;0;0;1;0;0
424;Busto;SPIROMETRIA GLOBALE;U;;;0;;;;;;0;;;
425;Busto;TEST CARDIOVASCOLARE DA SFORZO CON CICLOERGOMETRO;D;;;12;;;7;;1;5;32;0;
426;Busto;TOMOGRAFIA COMPUTERIZZATA (TC) DEL CAPO;P;;;0;;;;;;;;;
427;Busto;TOMOGRAFIA COMPUTERIZZATA (TC) DEL CAPO;U;;;0;;;;;;;;;
428;Busto;TOMOGRAFIA COMPUTERIZZATA (TC) DEL TORACE, SENZA E CON CONTRASTO;D;;;0;0;;;1;;;1;0;5
429;Busto;TOMOGRAFIA COMPUTERIZZATA (TC) DELL' ADDOME COMPLETO;P;;;0;;;;;;;;;6
430;Gallarate;COLONSCOPIA CON ENDOSCOPIO FLESSIBILE;U;;;1;;0;;;;;;0;
431;Gallarate;ESAME AUDIOMETRICO TONALE;P;;;0;0;;;1;;;;;
432;Gallarate;MAMMOGRAFIA MONOLATERALE (2 proiezioni);P;;;1;;;1;;29;;1;;
433;Gallarate;PRIMA VISITA NEUROLOGICA [NEUROCHIRURGICA];P;;;0;;;;145;0;;38;0;0
434;Gallarate;RISONANZA MAGNETICA NUCLEARE (RM) DEL CERVELLO E DEL TRONCO ENCEFALICO, SENZA E CON CONTRASTO;D;;;1;7;5;57;;;;;;7
435;Saronno;DIAGNOSTICA ECOGRAFICA DEL CAPO E DEL COLLO;B;;;0;;;;;;;;;
436;Saronno;ECOGRAFIA DELLA MAMMELLA  Bilaterale;B;;;0;;;;;;;;0;
437;Saronno;MAMMOGRAFIA  BILATERALE (2 proiezioni);B;;;0;;;;;;;;;
438;Saronno;PRIMA VISITA DERMATOLOGICA;U;;;5;;;;;;;;;
439;Saronno;PRIMA VISITA OCULISTICA;U;;;1;;2;;1;;1;;0;
440;Saronno;RISONANZA MAGNETICA NUCLEARE (RM) DEL CERVELLO E DEL TRONCO ENCEFALICO, SENZA E CON CONTRASTO;P;;;0;;91;0;;90;2;;135;0
441;Saronno;RISONANZA MAGNETICA NUCLEARE (RM) DELL'ADDOME INFERIORE E SCAVO PELVICO;P;;;15;;;;;;;;;
442;Saronno;TOMOGRAFIA COMPUTERIZZATA  (TC) DEL RACHIDE E DELLO SPECO VERTEBRALE;P;;;0;;0;;;;;;;
443;Somma;ECOGRAFIA DELL' ADDOME INFERIORE;B;;;2;;;;;;;;;
444;Somma;PRIMA VISITA DI MEDICINA FISICA E RIABILITAZIONE;D;;;22;60;22;;0;0;0;1;1;1
445;Somma;PRIMA VISITA OCULISTICA;U;;;1;5;0;;2;2;;0;;1
446;Busto;ECO(COLOR)DOPPLER DEI TRONCHI SOVRAAORTICI;B;;;;0;0;;;;;;5;
447;Busto;PRIMA VISITA GINECOLOGICA;U;;;;0;;;;;;0;;
448;Busto;PRIMA VISITA ORTOPEDICA;U;;;;0;;1;3;1;;;2;0
449;Busto;RISONANZA MAGNETICA NUCLEARE (RM) DEL CERVELLO E DEL TRONCO ENCEFALICO, SENZA E CON CONTRASTO;U;;;;8;0;;;;;;;
450;Busto;RISONANZA MAGNETICA NUCLEARE (RM) DELLA COLONNA;B;;;;0;;;0;;;;2;0
451;Busto;TOMOGRAFIA COMPUTERIZZATA (TC) DEL TORACE;U;;;;0;;;;;;0;;
452;Gallarate;ECOGRAFIA DELL' ADDOME SUPERIORE;P;;;;0;0;0;;0;;;0;
453;Gallarate;ESAME AUDIOMETRICO TONALE;B;;;;0;;0;;;;;;
454;Gallarate;RISONANZA MAGNETICA NUCLEARE (RM) DEL CERVELLO E DEL TRONCO ENCEFALICO;B;;;;29;;;;;;;;
455;Gallarate;RISONANZA MAGNETICA NUCLEARE (RM) DELLA COLONNA;P;;;;0;;;;;;;;
456;Gallarate;TEST CARDIOVASCOLARE DA SFORZO CON CICLOERGOMETRO;B;;;;0;;;;;;0;;0
457;Gallarate;TOMOGRAFIA COMPUTERIZZATA (TC) DEL CAPO, SENZA E CON CONTRASTO;P;;;;0;1;;;;;0;;
458;Gallarate;TOMOGRAFIA COMPUTERIZZATA (TC) DEL TORACE, SENZA E CON CONTRASTO;B;;;;0;;;;;;;;
459;Gallarate;TOMOGRAFIA COMPUTERIZZATA (TC) DEL TORACE, SENZA E CON CONTRASTO;U;;;;0;;;;;;;;
460;Gallarate;TOMOGRAFIA COMPUTERIZZATA (TC) DELL' ADDOME COMPLETO, SENZA E CON CONTRASTO;B;;;;0;;;;;;;;
461;Gallarate;TOMOGRAFIA COMPUTERIZZATA (TC) DELL' ADDOME COMPLETO, SENZA E CON CONTRASTO;U;;;;0;;;;;;;;
462;Saronno;ECOGRAFIA DELL' ADDOME SUPERIORE;D;;;;7;2;;0;7;7;;;7
463;Saronno;MAMMOGRAFIA MONOLATERALE (2 proiezioni);P;;;;0;;;;;;;;
464;Saronno;PRIMA VISITA DERMATOLOGICA;P;;;;37;;0;;;;;;0
465;Saronno;PRIMA VISITA ONCOLOGICA;B;;;;0;;;;;0;;;0
466;Saronno;RISONANZA MAGNETICA NUCLEARE (RM) DEL CERVELLO E DEL TRONCO ENCEFALICO, SENZA E CON CONTRASTO;B;;;;0;;;;35;1;;;
467;Somma;ELETTROCARDIOGRAMMA;U;;;;0;0;1;;;;1;1;
468;Somma;PRIMA VISITA CARDIOLOGICA;U;;;;1;1;;;;;0;;
469;Somma;PRIMA VISITA ORL;B;;;;0;;;;;;;;
470;Somma;TOMOGRAFIA COMPUTERIZZATA (TC) DEL CAPO;P;;;;0;1;;;;0;0;0;
471;Busto;MAMMOGRAFIA  BILATERALE (2 proiezioni);B;;;;;1;1;;;;;;
472;Busto;PRIMA VISITA NEUROLOGICA [NEUROCHIRURGICA];U;;;;;0;0;;;0;5;;
473;Busto;SPIROMETRIA SEMPLICE;U;;;;;126;;;;;;;
474;Busto;TEST CARDIOVASCOLARE DA SFORZO CON CICLOERGOMETRO;P;;;;;0;;;;;23;26;0
475;Busto;TOMOGRAFIA COMPUTERIZZATA (TC) DELL' ADDOME COMPLETO;B;;;;;1;;;;;;;
476;Gallarate;ECOGRAFIA DELLA MAMMELLA  Bilaterale;U;;;;;0;;;;;;;
477;Gallarate;PRIMA VISITA GINECOLOGICA;P;;;;;0;0;0;;;0;0;0
478;Gallarate;TOMOGRAFIA COMPUTERIZZATA (TC) DEL CAPO;B;;;;;1;;;;;;19;
479;Gallarate;TOMOGRAFIA COMPUTERIZZATA (TC) DEL CAPO;P;;;;;0;;;;;;;
480;Gallarate;TOMOGRAFIA COMPUTERIZZATA (TC) DELL' ADDOME COMPLETO;P;;;;;84;;;;;;;
481;Gallarate;TOMOGRAFIA COMPUTERIZZATA (TC) DELL' ADDOME SUPERIORE, SENZA E CON CONTRASTO;P;;;;;0;87;;;;;;
482;Ospedale Busto Arsizio;ANCA-INTERVENTI PROTESI D'ANCA;C_C;;;;;2;;;;;;;
483;Ospedale Busto Arsizio;ANGIOPLASTICA-ANGIOPLASTICA CORONARICA (PTCA);C_A;;;;;15;;15;;;;;
484;Ospedale Busto Arsizio;MAMMELLA-INTERVENTI CHIRURGICI TUMORE MALIGNO MAMMELLA;C_A;;;;;19;;;30;5;;21;19
485;Ospedale Busto Arsizio;PROSTATA-INTERVENTI CHIRURGICI TUMORE MALIGNO PROSTATA;C_B;;;;;50;;57;64;63;;90;52
486;Ospedale Saronno;MAMMELLA-INTERVENTI CHIRURGICI TUMORE MALIGNO MAMMELLA;C_A;;;;;24;16;;;;;19;
487;Saronno;ESOFAGOGASTRODUODENOSCOPIA [EGD] CON BIOPSIA Biopsia di una o piu sedi;B;;;;;0;0;1;;;0;0;0
488;Saronno;ESOFAGOGASTRODUODENOSCOPIA [EGD] CON BIOPSIA Biopsia di una o piu sedi;U;;;;;0;;0;;0;;;
489;Saronno;PRIMA VISITA NEUROLOGICA [NEUROCHIRURGICA];U;;;;;5;2;;0;1;;2;0
490;Saronno;PRIMA VISITA PNEUMOLOGICA;U;;;;;6;;;;;;;
491;Saronno;"RETTOSIGMOIDOSCOPIA CON ENDOSCOPIO FLESSIBILE; Endoscopia del retto, colon discendente. Campione";P;;;;;0;;5;0;0;8;;6
492;Saronno;RISONANZA MAGNETICA NUCLEARE (RM) DELL'ADDOME INFERIORE E SCAVO PELVICO, SENZA E CON CONTRASTO;B;;;;;0;;;;;;0;
493;Saronno;SPIROMETRIA GLOBALE;P;;;;;51;0;;;;11;0;0
494;Saronno;SPIROMETRIA SEMPLICE;P;;;;;44;;;;;7;;
495;Saronno;TEST CARDIOVASCOLARE DA SFORZO CON CICLOERGOMETRO;U;;;;;7;;;;;;;
496;Saronno;TOMOGRAFIA COMPUTERIZZATA (TC) DEL CAPO, SENZA E CON CONTRASTO;B;;;;;16;;19;;;;;
497;Somma;TOMOGRAFIA COMPUTERIZZATA  (TC) DEL RACHIDE E DELLO SPECO VERTEBRALE;P;;;;;1;;;;0;;;
498;Busto;PRIMA VISITA ENDOCRINOLOGICA/DIABETOLOGICA;P;;;;;;5;1;5;;;;
499;Busto;TOMOGRAFIA COMPUTERIZZATA (TC) DELL' ADDOME COMPLETO;U;;;;;;0;;0;;;;
500;Gallarate;ECOGRAFIA DELLA MAMMELLA  Bilaterale;B;;;;;;1;;;;;;
501;Gallarate;ELETTROMIOGRAFIA SEMPLICE [EMG];P;;;;;;0;;0;;;;0
502;Gallarate;PRIMA VISITA ONCOLOGICA;P;;;;;;0;;;;;;
503;Gallarate;RISONANZA MAGNETICA NUCLEARE (RM) DELL'ADDOME INFERIORE E SCAVO PELVICO, SENZA E CON CONTRASTO;P;;;;;;14;;;;;;
504;Gallarate;SPIROMETRIA SEMPLICE;P;;;;;;0;0;0;0;;0;
505;Ospedale Busto Arsizio;ANGIOPLASTICA-ANGIOPLASTICA CORONARICA (PTCA);C_D;;;;;;350;;;334;;356;351
506;Ospedale Busto Arsizio;BIOPSIA_FEGATO-BIOPSIA PERCUTANEA DEL FEGATO;C_D;;;;;;350;352;;334;;356;351
507;Ospedale Busto Arsizio;BYPASS-BY PASS AORTOCORONARICO;C_D;;;;;;350;352;;334;;356;351
508;Ospedale Busto Arsizio;CAROTIDE-ENDOARTERIECTOMIA CAROTIDEA;C_C;;;;;;100;82;91;;;;
509;Ospedale Busto Arsizio;COLON-INTERVENTI CHIRURGICI TUMORE MALIGNO COLON;C_D;;;;;;350;352;;;;;351
510;Ospedale Busto Arsizio;EMORROIDECTOMIA-EMORROIDECTOMIA;C_D;;;;;;350;352;;334;;356;351
511;Ospedale Busto Arsizio;MAMMELLA-INTERVENTI CHIRURGICI TUMORE MALIGNO MAMMELLA;C_D;;;;;;350;352;;;;;
512;Ospedale Busto Arsizio;MELANOMA-INTERVENTI CHIRURGICI  PER MELANOMA;C_D;;;;;;350;352;;334;;356;351
513;Ospedale Busto Arsizio;POLMONE-INTERVENTI CHIRURGICI TUMORE DEL POLMONE;C_D;;;;;;350;352;;334;;356;351
514;Ospedale Busto Arsizio;PROSTATA-INTERVENTI CHIRURGICI TUMORE MALIGNO PROSTATA;C_D;;;;;;350;;;;;;
515;Ospedale Busto Arsizio;RETTO-INTERVENTI CHIRURGICI TUMORE MALIGNO RETTO;C_D;;;;;;350;352;;;;356;351
516;Ospedale Busto Arsizio;TIROIDE-INTERVENTI CHIRURGICI PER TUMORE MALIGNO DELLA TIROIDE;C_A;;;;;;28;;33;;;;
517;Ospedale Busto Arsizio;UTERO-INTERVENTI CHIRURGICI TUMORE MALIGNO DELL' UTERO;C_D;;;;;;350;;;334;;356;351
518;Ospedale Saronno;ANCA-INTERVENTI PROTESI D'ANCA;C_D;;;;;;365;309;520;;;;364
519;Ospedale Saronno;ANGIOPLASTICA-ANGIOPLASTICA CORONARICA (PTCA);C_D;;;;;;350;352;362;334;;356;351
520;Ospedale Saronno;BIOPSIA_FEGATO-BIOPSIA PERCUTANEA DEL FEGATO;C_D;;;;;;350;352;362;334;;356;351
521;Ospedale Saronno;BYPASS-BY PASS AORTOCORONARICO;C_D;;;;;;350;352;362;334;;356;351
522;Ospedale Saronno;CAROTIDE-ENDOARTERIECTOMIA CAROTIDEA;C_D;;;;;;350;352;362;334;;356;351
523;Ospedale Saronno;COLECISTE-COLECISTECTOMIA LAPAROSCOPICA;C_D;;;;;;117;;362;334;;;351
524;Ospedale Saronno;COLON-INTERVENTI CHIRURGICI TUMORE MALIGNO COLON;C_A;;;;;;16;14;;;;19;
525;Ospedale Saronno;CORONAROGRAFIA-CORONAROGRAFIA;C_D;;;;;;350;352;362;334;;356;351
526;Ospedale Saronno;EMORROIDECTOMIA-EMORROIDECTOMIA;C_D;;;;;;112;;362;334;;;
527;Ospedale Saronno;ERNIA_INGUINALE-RIPARAZIONE ERNIA INGUINALE;C_D;;;;;;109;;116;334;;;
528;Ospedale Saronno;MELANOMA-INTERVENTI CHIRURGICI  PER MELANOMA;C_D;;;;;;350;352;362;334;;356;351
529;Ospedale Saronno;POLMONE-INTERVENTI CHIRURGICI TUMORE DEL POLMONE;C_D;;;;;;350;;362;334;;356;351
530;Ospedale Saronno;PROSTATA-INTERVENTI CHIRURGICI TUMORE MALIGNO PROSTATA;C_D;;;;;;350;;362;334;;;351
531;Ospedale Saronno;RETTO-INTERVENTI CHIRURGICI TUMORE MALIGNO RETTO;C_D;;;;;;350;352;362;334;;356;351
532;Ospedale Saronno;TIROIDE-INTERVENTI CHIRURGICI PER TUMORE MALIGNO DELLA TIROIDE;C_D;;;;;;350;352;362;334;;356;351
533;Ospedale Saronno;UTERO-INTERVENTI CHIRURGICI TUMORE MALIGNO DELL' UTERO;C_D;;;;;;350;352;362;334;;356;351
534;Saronno;ESAME AUDIOMETRICO TONALE;B;;;;;;0;;;;;;
535;Saronno;MAMMOGRAFIA  BILATERALE (2 proiezioni);U;;;;;;0;;;;;;
536;Saronno;TOMOGRAFIA COMPUTERIZZATA (TC) DELL' ADDOME SUPERIORE, SENZA E CON CONTRASTO;B;;;;;;0;;;;;;
537;Somma;ELETTROCARDIOGRAMMA;B;;;;;;0;;;;0;;
538;Somma;PRIMA VISITA CARDIOLOGICA;P;;;;;;1;0;;;0;0;
539;Somma;PRIMA VISITA DI MEDICINA FISICA E RIABILITAZIONE;P;;;;;;0;0;0;0;0;43;0
540;Somma;PRIMA VISITA DI MEDICINA FISICA E RIABILITAZIONE;U;;;;;;0;;;;;;
541;Somma;TEST CARDIOVASCOLARE DA SFORZO CON CICLOERGOMETRO;P;;;;;;0;;;;;;
542;Somma;TOMOGRAFIA COMPUTERIZZATA (TC) DELL' ADDOME COMPLETO;P;;;;;;0;;0;0;0;;
543;Somma;TOMOGRAFIA COMPUTERIZZATA (TC) DELL' ADDOME INFERIORE;P;;;;;;30;;;;;;
544;Busto;ELETTROCARDIOGRAMMA;U;;;;;;;0;;;0;0;
545;Busto;RISONANZA MAGNETICA NUCLEARE (RM) DEL CERVELLO E DEL TRONCO ENCEFALICO, SENZA E CON CONTRASTO;P;;;;;;;0;;;;;
546;Busto;RISONANZA MAGNETICA NUCLEARE (RM) DEL CERVELLO E DEL TRONCO ENCEFALICO;P;;;;;;;0;;;;;
547;Busto;RISONANZA MAGNETICA NUCLEARE (RM) DELL'ADDOME INFERIORE E SCAVO PELVICO, SENZA E CON CONTRASTO;U;;;;;;;0;;;;;
548;Gallarate;PRIMA VISITA ONCOLOGICA;U;;;;;;;0;;;;;
549;Gallarate;RISONANZA MAGNETICA NUCLEARE (RM) DELLA COLONNA;U;;;;;;;7;;;;0;
550;Gallarate;TEST CARDIOVASCOLARE DA SFORZO CON CICLOERGOMETRO;U;;;;;;;0;;;;;
551;Ospedale Busto Arsizio;TIROIDE-INTERVENTI CHIRURGICI PER TUMORE MALIGNO DELLA TIROIDE;C_D;;;;;;;352;;334;;;351
552;Ospedale Saronno;MAMMELLA-INTERVENTI CHIRURGICI TUMORE MALIGNO MAMMELLA;C_D;;;;;;;352;362;334;;;351
553;Saronno;ECO(COLOR)DOPPLERGRAFIA CARDIACA;D;;;;;;;1;48;2;2;7;13
554;Saronno;ELETTROCARDIOGRAMMA DINAMICO;P;;;;;;;0;;;;;
555;Saronno;PRIMA VISITA ENDOCRINOLOGICA/DIABETOLOGICA;B;;;;;;;12;;;1;;
556;Saronno;TEST CARDIOVASCOLARE DA SFORZO CON CICLOERGOMETRO;B;;;;;;;5;;6;;21;0
557;Saronno;TOMOGRAFIA COMPUTERIZZATA (TC) DELL' ADDOME SUPERIORE;P;;;;;;;1;;;;;
558;Somma;PRIMA VISITA DI MEDICINA FISICA E RIABILITAZIONE;B;;;;;;;0;0;0;;;0
559;Somma;TOMOGRAFIA COMPUTERIZZATA  (TC) DEL RACHIDE E DELLO SPECO VERTEBRALE;U;;;;;;;2;;;;;
560;Busto;ECOGRAFIA DELLA MAMMELLA  Monolaterale;P;;;;;;;;5;;;;
561;Busto;PRIMA VISITA GASTROENTEROLOGICA;B;;;;;;;;0;;6;;
562;Busto;TOMOGRAFIA COMPUTERIZZATA (TC) DEL CAPO, SENZA E CON CONTRASTO;P;;;;;;;;0;;;;
563;Gallarate;ELETTROCARDIOGRAMMA;B;;;;;;;;0;;;;
564;Gallarate;RISONANZA MAGNETICA NUCLEARE (RM) DEL CERVELLO E DEL TRONCO ENCEFALICO;P;;;;;;;;1;;;2;
565;Gallarate;RISONANZA MAGNETICA NUCLEARE (RM) DELL'ADDOME INFERIORE E SCAVO PELVICO;U;;;;;;;;2;;;;
566;Gallarate;TOMOGRAFIA COMPUTERIZZATA (TC) DELL' ADDOME COMPLETO;B;;;;;;;;35;;;;
567;Ospedale Busto Arsizio;COLECISTE-COLECISTECTOMIA LAPAROSCOPICA;C_C;;;;;;;;157;;;;
568;Ospedale Busto Arsizio;ERNIA_INGUINALE-RIPARAZIONE ERNIA INGUINALE;C_C;;;;;;;;156;;;;
569;Ospedale Saronno;COLON-INTERVENTI CHIRURGICI TUMORE MALIGNO COLON;C_D;;;;;;;;362;334;;;351
570;Saronno;"RETTOSIGMOIDOSCOPIA CON ENDOSCOPIO FLESSIBILE; Endoscopia del retto, colon discendente. Campione";U;;;;;;;;0;;;;
571;Saronno;RISONANZA MAGNETICA NUCLEARE (RM) DELL'ADDOME INFERIORE E SCAVO PELVICO, SENZA E CON CONTRASTO;P;;;;;;;;1;;;;
572;Somma;ELETTROCARDIOGRAMMA DINAMICO;P;;;;;;;;0;0;;0;0
573;Busto;RISONANZA MAGNETICA NUCLEARE (RM) DELL'ADDOME INFERIORE E SCAVO PELVICO, SENZA E CON CONTRASTO;B;;;;;;;;;0;0;;
574;Busto;SPIROMETRIA SEMPLICE;B;;;;;;;;;1;;;
575;Busto;TOMOGRAFIA COMPUTERIZZATA (TC) DEL CAPO;B;;;;;;;;;0;;;
576;Busto;TOMOGRAFIA COMPUTERIZZATA (TC) DELL' ADDOME INFERIORE, SENZA E CON CONTRASTO;B;;;;;;;;;19;;;
577;Busto;TOMOGRAFIA COMPUTERIZZATA (TC) DELL' ADDOME INFERIORE, SENZA E CON CONTRASTO;U;;;;;;;;;0;;;
578;Busto;TOMOGRAFIA COMPUTERIZZATA (TC) DELL' ADDOME SUPERIORE, SENZA E CON CONTRASTO;U;;;;;;;;;0;;;
579;Gallarate;ECOGRAFIA OSTETRICA;P;;;;;;;;;5;;3;5
580;Gallarate;PRIMA VISITA GINECOLOGICA;B;;;;;;;;;0;;;
581;Gallarate;PRIMA VISITA OCULISTICA;B;;;;;;;;;0;;;
582;Gallarate;RISONANZA MAGNETICA NUCLEARE (RM) DELLA COLONNA, SENZA E CON CONTRASTO;P;;;;;;;;;2;;;
583;Ospedale Busto Arsizio;CAROTIDE-ENDOARTERIECTOMIA CAROTIDEA;C_D;;;;;;;;;334;;;351
584;Ospedale Busto Arsizio;RETTO-INTERVENTI CHIRURGICI TUMORE MALIGNO RETTO;C_A;;;;;;;;;2;;;
585;Ospedale Gallarate;ANCA-INTERVENTI PROTESI D'ANCA;C_A;;;;;;;;;22;;23;20
586;Saronno;PRIMA VISITA CARDIOLOGICA;B;;;;;;;;;23;16;;
587;Saronno;"RETTOSIGMOIDOSCOPIA CON ENDOSCOPIO FLESSIBILE; Endoscopia del retto, colon discendente. Campione";B;;;;;;;;;2;7;0;
588;Saronno;SPIROMETRIA GLOBALE;B;;;;;;;;;0;1;;
589;Saronno;TOMOGRAFIA COMPUTERIZZATA (TC) DEL CAPO, SENZA E CON CONTRASTO;U;;;;;;;;;3;;;
590;Saronno;TOMOGRAFIA COMPUTERIZZATA (TC) DELL' ADDOME COMPLETO, SENZA E CON CONTRASTO;U;;;;;;;;;0;;0;
591;Saronno;TOMOGRAFIA COMPUTERIZZATA (TC) DELL' ADDOME INFERIORE, SENZA E CON CONTRASTO;P;;;;;;;;;0;;;
592;Somma;ECOGRAFIA DELL' ADDOME SUPERIORE;U;;;;;;;;;0;;;
593;Busto;ESAME AUDIOMETRICO TONALE;B;;;;;;;;;;0;;0
594;Busto;TOMOGRAFIA COMPUTERIZZATA  (TC) DEL RACHIDE E DELLO SPECO VERTEBRALE, SENZA E CON CONTRASTO;U;;;;;;;;;;1;;
595;Busto;TOMOGRAFIA COMPUTERIZZATA (TC) DEL CAPO, SENZA E CON CONTRASTO;B;;;;;;;;;;0;;
596;Gallarate;ECOGRAFIA DELL' ADDOME SUPERIORE;U;;;;;;;;;;0;;
597;Gallarate;TOMOGRAFIA COMPUTERIZZATA  (TC) DEL RACHIDE E DELLO SPECO VERTEBRALE;P;;;;;;;;;;0;;
598;Saronno;RISONANZA MAGNETICA NUCLEARE (RM) DELLA COLONNA;B;;;;;;;;;;19;37;34
599;Saronno;SPIROMETRIA SEMPLICE;B;;;;;;;;;;8;18;
600;Saronno;TEST CARDIOVASCOLARE DA SFORZO CON CICLOERGOMETRO;P;;;;;;;;;;0;;
601;Saronno;TEST CARDIOVASCOLARE DA SFORZO CON PEDANA MOBILE;B;;;;;;;;;;21;0;
602;Saronno;TEST CARDIOVASCOLARE DA SFORZO CON PEDANA MOBILE;P;;;;;;;;;;0;;0
603;Somma;PRIMA VISITA OCULISTICA;B;;;;;;;;;;0;;
604;Somma;PRIMA VISITA PNEUMOLOGICA;D;;;;;;;;;;7;1;2
605;Busto;PRIMA VISITA CARDIOLOGICA;U;;;;;;;;;;;1;
606;Busto;RISONANZA MAGNETICA NUCLEARE (RM) DEL CERVELLO E DEL TRONCO ENCEFALICO;B;;;;;;;;;;;2;0
607;Busto;RISONANZA MAGNETICA NUCLEARE (RM) DELL'ADDOME INFERIORE E SCAVO PELVICO, SENZA E CON CONTRASTO;P;;;;;;;;;;;0;
608;Gallarate;88385 - TOMOGRAFIA COMPUTERIZZATA (TC) DEL BACINO;B;;;;;;;;;;;0;
609;Gallarate;ELETTROMIOGRAFIA SEMPLICE [EMG];U;;;;;;;;;;;0;
610;Gallarate;TEST CARDIOVASCOLARE DA SFORZO CON PEDANA MOBILE;P;;;;;;;;;;;75;
611;Ospedale Busto Arsizio;TIROIDE-INTERVENTI CHIRURGICI PER TUMORE MALIGNO DELLA TIROIDE;C_B;;;;;;;;;;;55;
612;Ospedale Gallarate;EMORROIDECTOMIA-EMORROIDECTOMIA;C_B;;;;;;;;;;;49;
613;Ospedale Gallarate;ERNIA_INGUINALE-RIPARAZIONE ERNIA INGUINALE;C_C;;;;;;;;;;;128;
614;Ospedale Gallarate;MAMMELLA-INTERVENTI CHIRURGICI TUMORE MALIGNO MAMMELLA;C_A;;;;;;;;;;;3;
615;Saronno;PRIMA VISITA CHIRURGICA VASCOLARE;B;;;;;;;;;;;1;
616;Saronno;PRIMA VISITA ONCOLOGICA;P;;;;;;;;;;;0;
617;Saronno;TOMOGRAFIA COMPUTERIZZATA  (TC) DEL RACHIDE E DELLO SPECO VERTEBRALE;U;;;;;;;;;;;0;
618;Saronno;TOMOGRAFIA COMPUTERIZZATA (TC) DEL CAPO;U;;;;;;;;;;;0;5
619;Saronno;TOMOGRAFIA COMPUTERIZZATA (TC) DEL TORACE;U;;;;;;;;;;;2;
620;Busto;ECOGRAFIA DELL' ADDOME SUPERIORE;B;;;;;;;;;;;;1
621;Busto;RISONANZA MAGNETICA NUCLEARE (RM) DEL CERVELLO E DEL TRONCO ENCEFALICO, SENZA E CON CONTRASTO;B;;;;;;;;;;;;0
622;Gallarate;PRIMA VISITA NEUROLOGICA [NEUROCHIRURGICA];U;;;;;;;;;;;;0
623;Gallarate;TOMOGRAFIA COMPUTERIZZATA  (TC) DEL RACHIDE E DELLO SPECO VERTEBRALE;B;;;;;;;;;;;;5
624;Ospedale Gallarate;CORONAROGRAFIA-CORONAROGRAFIA;C_A;;;;;;;;;;;;0
625;Ospedale Gallarate;EMORROIDECTOMIA-EMORROIDECTOMIA;C_C;;;;;;;;;;;;150
626;Ospedale Gallarate;ERNIA_INGUINALE-RIPARAZIONE ERNIA INGUINALE;C_B;;;;;;;;;;;;62
627;Ospedale Saronno;ERNIA_INGUINALE-RIPARAZIONE ERNIA INGUINALE;C_A;;;;;;;;;;;;120
628;Saronno;PRIMA VISITA GINECOLOGICA;B;;;;;;;;;;;;0
629;Saronno;PRIMA VISITA ONCOLOGICA;U;;;;;;;;;;;;1
